time,beta_dot1_x,beta_dot1_y,beta_dot1_z,beta_dot2_x,beta_dot2_y,beta_dot2_z,beta_dot3_x,beta_dot3_y,beta_dot3_z
0,0,1.00187e-10,0,0,1.92841e-11,0,0,49.0467,0
0.005,0,-0.0166475,0,0,0.0332624,0,0,49.0238,0
0.01,0,-0.00721847,0,0,0.0144995,0,0,48.9749,0
0.015,0,-0.0121795,0,0,0.0243303,0,0,48.8861,0
0.02,0,-0.00942978,0,0,0.0189823,0,0,48.7643,0
0.025,0,-0.0105944,0,0,0.0212221,0,0,48.605,0
0.03,0,-0.00977019,0,0,0.0196813,0,0,48.4093,0
0.035,0,-0.00984327,0,0,0.0197934,0,0,48.1752,0
0.04,0,-0.00946051,0,0,0.0190836,0,0,47.9019,0
0.045,0,-0.00921936,0,0,0.0186041,0,0,47.5879,0
0.05,0,-0.00887469,0,0,0.0179436,0,0,47.2317,0
0.055,0,-0.00851113,0,0,0.0172326,0,0,46.8318,0
0.06,0,-0.00810674,0,0,0.0164427,0,0,46.3864,0
0.065,0,-0.00765782,0,0,0.0155625,0,0,45.8936,0
0.07,0,-0.00717192,0,0,0.0146057,0,0,45.3516,0
0.075,0,-0.00664005,0,0,0.0135571,0,0,44.7585,0
0.08,0,-0.00606773,0,0,0.0124248,0,0,44.1123,0
0.085,0,-0.00545064,0,0,0.0112022,0,0,43.411,0
0.09,0,-0.00479132,0,0,0.00989278,0,0,42.6527,0
0.095,0,-0.00408883,0,0,0.00849555,0,0,41.8356,0
0.1,0,-0.00334489,0,0,0.00701325,0,0,40.9579,0
0.105,0,-0.00256059,0,0,0.0054483,0,0,40.0181,0
0.11,0,-0.00173815,0,0,0.00380494,0,0,39.0145,0
0.115,0,-0.00088016,0,0,0.00208834,0,0,37.946,0
0.12,0,1.005e-05,0,0,0.0003051,0,0,36.8116,0
0.125,0,0.000928524,0,0,-0.00153685,0,0,35.6103,0
0.13,0,0.00187061,0,0,-0.00342819,0,0,34.3418,0
0.135,0,0.002831,0,0,-0.00535826,0,0,33.0058,0
0.14,0,0.00380371,0,0,-0.00731503,0,0,31.6025,0
0.145,0,0.00478217,0,0,-0.00928523,0,0,30.1325,0
0.15,0,0.00575922,0,0,-0.0112544,0,0,28.5966,0
0.155,0,0.00672721,0,0,-0.0132071,0,0,26.9963,0
0.16,0,0.0076781,0,0,-0.015127,0,0,25.3333,0
0.165,0,0.00860353,0,0,-0.0169972,0,0,23.6099,0
0.17,0,0.00949496,0,0,-0.0188002,0,0,21.8285,0
0.175,0,0.0103438,0,0,-0.0205187,0,0,19.9925,0
0.18,0,0.0111415,0,0,-0.0221351,0,0,18.1051,0
0.185,0,0.0118797,0,0,-0.0236328,0,0,16.1705,0
0.19,0,0.0125507,0,0,-0.0249953,0,0,14.1928,0
0.195,0,0.0131469,0,0,-0.0262077,0,0,12.1767,0
0.2,0,0.0136618,0,0,-0.0272562,0,0,10.1273,0
0.205,0,0.0140892,0,0,-0.0281285,0,0,8.04981,0
0.21,0,0.0144244,0,0,-0.0288145,0,0,5.94981,0
0.215,0,0.0146633,0,0,-0.029306,0,0,3.83304,0
0.22,0,0.0148031,0,0,-0.0295969,0,0,1.70541,0
0.225,0,0.0148421,0,0,-0.0296839,0,0,-0.427091,0
0.23,0,0.0147799,0,0,-0.0295657,0,0,-2.5584,0
0.235,0,0.0146173,0,0,-0.0292439,0,0,-4.6825,0
0.24,0,0.0143562,0,0,-0.0287224,0,0,-6.7934,0
0.245,0,0.0139997,0,0,-0.0280073,0,0,-8.88526,0
0.25,0,0.0135521,0,0,-0.0271072,0,0,-10.9524,0
0.255,0,0.0130186,0,0,-0.0260327,0,0,-12.9894,0
0.26,0,0.0124053,0,0,-0.0247962,0,0,-14.991,0
0.265,0,0.0117192,0,0,-0.0234117,0,0,-16.9524,0
0.27,0,0.0109677,0,0,-0.0218943,0,0,-18.869,0
0.275,0,0.0101588,0,0,-0.0202606,0,0,-20.7367,0
0.28,0,0.00930092,0,0,-0.0185273,0,0,-22.5517,0
0.285,0,0.00840254,0,0,-0.0167121,0,0,-24.3106,0
0.29,0,0.00747226,0,0,-0.0148323,0,0,-26.0106,0
0.295,0,0.00651856,0,0,-0.0129052,0,0,-27.6492,0
0.3,0,0.00554971,0,0,-0.0109479,0,0,-29.2244,0
0.305,0,0.00457364,0,0,-0.00897636,0,0,-30.7345,0
0.31,0,0.00359787,0,0,-0.00700607,0,0,-32.1783,0
0.315,0,0.00262939,0,0,-0.0050513,0,0,-33.5552,0
0.32,0,0.00167463,0,0,-0.00312515,0,0,-34.8646,0
0.325,0,0.00073939,0,0,-0.00123946,0,0,-36.1065,0
0.33,0,-0.00017119,0,0,0.00059525,0,0,-37.2813,0
0.335,0,-0.00105263,0,0,0.00236987,0,0,-38.3896,0
0.34,0,-0.00190114,0,0,0.00407665,0,0,-39.4323,0
0.345,0,-0.00271355,0,0,0.0057092,0,0,-40.4105,0
0.35,0,-0.00348737,0,0,0.0072624,0,0,-41.3255,0
0.355,0,-0.00422069,0,0,0.00873241,0,0,-42.1789,0
0.36,0,-0.00491214,0,0,0.0101165,0,0,-42.9725,0
0.365,0,-0.00556088,0,0,0.011413,0,0,-43.7079,0
0.37,0,-0.00616654,0,0,0.0126211,0,0,-44.3871,0
0.375,0,-0.0067291,0,0,0.013741,0,0,-45.0119,0
0.38,0,-0.00724894,0,0,0.0147734,0,0,-45.5845,0
0.385,0,-0.00772667,0,0,0.0157197,0,0,-46.1066,0
0.39,0,-0.00816316,0,0,0.0165817,0,0,-46.5802,0
0.395,0,-0.00855943,0,0,0.0173615,0,0,-47.0072,0
0.4,0,-0.00891662,0,0,0.0180615,0,0,-47.3894,0
0.405,0,-0.00923594,0,0,0.0186844,0,0,-47.7285,0
0.41,0,-0.00951859,0,0,0.0192325,0,0,-48.026,0
0.415,0,-0.00976577,0,0,0.0197085,0,0,-48.2833,0
0.42,0,-0.00997862,0,0,0.0201147,0,0,-48.5019,0
0.425,0,-0.0101582,0,0,0.0204534,0,0,-48.6827,0
0.43,0,-0.0103053,0,0,0.0207263,0,0,-48.8269,0
0.435,0,-0.0104207,0,0,0.0209353,0,0,-48.9351,0
0.44,0,-0.0105051,0,0,0.0210814,0,0,-49.008,0
0.445,0,-0.0105587,0,0,0.0211656,0,0,-49.0459,0
0.45,0,-0.0105818,0,0,0.0211884,0,0,-49.0491,0
0.455,0,-0.0105743,0,0,0.0211498,0,0,-49.0177,0
0.46,0,-0.0105361,0,0,0.0210495,0,0,-48.9514,0
0.465,0,-0.0104665,0,0,0.0208867,0,0,-48.8498,0
0.47,0,-0.0103652,0,0,0.0206603,0,0,-48.7125,0
0.475,0,-0.0102311,0,0,0.0203687,0,0,-48.5385,0
0.48,0,-0.0100633,0,0,0.02001,0,0,-48.3271,0
0.485,0,-0.00986073,0,0,0.0195822,0,0,-48.0771,0
0.49,0,-0.00962209,0,0,0.0190829,0,0,-47.7872,0
0.495,0,-0.00934605,0,0,0.0185094,0,0,-47.4561,0
0.5,0,-0.00903122,0,0,0.0178592,0,0,-47.0821,0
0.505,0,-0.00867624,0,0,0.0171296,0,0,-46.6636,0
0.51,0,-0.00827974,0,0,0.0163181,0,0,-46.1988,0
0.515,0,-0.00784048,0,0,0.0154222,0,0,-45.6859,0
0.52,0,-0.00735735,0,0,0.01444,0,0,-45.123,0
0.525,0,-0.00682944,0,0,0.0133696,0,0,-44.5081,0
0.53,0,-0.00625612,0,0,0.01221,0,0,-43.8392,0
0.535,0,-0.00563706,0,0,0.0109607,0,0,-43.1145,0
0.54,0,-0.00497234,0,0,0.00962186,0,0,-42.332,0
0.545,0,-0.00426247,0,0,0.00819469,0,0,-41.4899,0
0.55,0,-0.0035085,0,0,0.00668134,0,0,-40.5865,0
0.555,0,-0.002712,0,0,0.00508507,0,0,-39.6203,0
0.56,0,-0.00187518,0,0,0.00341038,0,0,-38.5898,0
0.565,0,-0.0010009,0,0,0.00166302,0,0,-37.4939,0
0.57,0,-9.26985e-05,0,0,-0.000149879,0,0,-36.3316,0
0.575,0,0.000845163,0,0,-0.00201981,0,0,-35.1022,0
0.58,0,0.00180772,0,0,-0.00393685,0,0,-33.8055,0
0.585,0,0.00278928,0,0,-0.0058897,0,0,-32.4413,0
0.59,0,0.0037835,0,0,-0.00786571,0,0,-31.0099,0
0.595,0,0.00478334,0,0,-0.00985098,0,0,-29.5122,0
0.6,0,0.00578121,0,0,-0.0118305,0,0,-27.9491,0
0.605,0,0.00676901,0,0,-0.0137882,0,0,-26.3222,0
0.61,0,0.0077382,0,0,-0.0157072,0,0,-24.6336,0
0.615,0,0.00867995,0,0,-0.0175702,0,0,-22.8854,0
0.62,0,0.00958525,0,0,-0.0193595,0,0,-21.0807,0
0.625,0,0.0104451,0,0,-0.0210573,0,0,-19.2226,0
0.63,0,0.0112505,0,0,-0.0226461,0,0,-17.3149,0
0.635,0,0.0119928,0,0,-0.0241089,0,0,-15.3615,0
0.64,0,0.0126638,0,0,-0.0254296,0,0,-13.3671,0
0.645,0,0.0132559,0,0,-0.0265934,0,0,-11.3364,0
0.65,0,0.0137621,0,0,-0.0275868,0,0,-9.27446,0
0.655,0,0.0141765,0,0,-0.0283981,0,0,-7.1868,0
0.66,0,0.014494,0,0,-0.0290176,0,0,-5.07902,0
0.665,0,0.0147107,0,0,-0.0294378,0,0,-2.95694,0
0.67,0,0.0148239,0,0,-0.0296535,0,0,-0.826509,0
0.675,0,0.0148323,0,0,-0.0296622,0,0,1.30624,0
0.68,0,0.0147356,0,0,-0.0294636,0,0,3.43525,0
0.685,0,0.0145351,0,0,-0.0290602,0,0,5.55452,0
0.69,0,0.014233,0,0,-0.0284568,0,0,7.65811,0
0.695,0,0.0138332,0,0,-0.0276607,0,0,9.74026,0
0.7,0,0.0133403,0,0,-0.0266814,0,0,11.7954,0
0.705,0,0.0127602,0,0,-0.0255303,0,0,13.8181,0
0.71,0,0.0120996,0,0,-0.0242207,0,0,15.8033,0
0.715,0,0.011366,0,0,-0.0227675,0,0,17.7464,0
0.72,0,0.0105676,0,0,-0.0211865,0,0,19.6429,0
0.725,0,0.00971302,0,0,-0.0194947,0,0,21.4889,0
0.73,0,0.00881111,0,0,-0.0177096,0,0,23.2807,0
0.735,0,0.00787097,0,0,-0.015849,0,0,25.0153,0
0.74,0,0.00690167,0,0,-0.0139307,0,0,26.6898,0
0.745,0,0.00591215,0,0,-0.0119721,0,0,28.302,0
0.75,0,0.00491104,0,0,-0.00999013,0,0,29.85,0
0.755,0,0.0039066,0,0,-0.008001,0,0,31.3325,0
0.76,0,0.00290659,0,0,-0.00601989,0,0,32.7483,0
0.765,0,0.00191819,0,0,-0.00406086,0,0,34.0969,0
0.77,0,0.000947944,0,0,-0.00213674,0,0,35.3781,0
0.775,0,1.70585e-06,0,0,-0.000258992,0,0,36.5919,0
0.78,0,-0.000915379,0,0,0.00156228,0,0,37.7388,0
0.785,0,-0.00179889,0,0,0.00331839,0,0,38.8196,0
0.79,0,-0.00264512,0,0,0.00500205,0,0,39.8352,0
0.795,0,-0.00345106,0,0,0.00660735,0,0,40.7869,0
0.8,0,-0.00421438,0,0,0.00812966,0,0,41.6761,0
0.805,0,-0.00493337,0,0,0.00956558,0,0,42.5044,0
0.81,0,-0.0056069,0,0,0.0109129,0,0,43.2735,0
0.815,0,-0.00623436,0,0,0.0121702,0,0,43.9854,0
0.82,0,-0.00681561,0,0,0.0133373,0,0,44.6418,0
0.825,0,-0.00735091,0,0,0.0144147,0,0,45.2447,0
0.83,0,-0.00784086,0,0,0.0154033,0,0,45.7961,0
0.835,0,-0.00828634,0,0,0.0163049,0,0,46.2979,0
0.84,0,-0.00868844,0,0,0.0171215,0,0,46.7521,0
0.845,0,-0.00904842,0,0,0.0178556,0,0,47.1604,0
0.85,0,-0.00936762,0,0,0.0185096,0,0,47.5246,0
0.855,0,-0.00964745,0,0,0.0190862,0,0,47.8463,0
0.86,0,-0.00988931,0,0,0.0195882,0,0,48.1271,0
0.865,0,-0.0100946,0,0,0.020018,0,0,48.3684,0
0.87,0,-0.0102645,0,0,0.0203782,0,0,48.5714,0
0.875,0,-0.0104002,0,0,0.0206709,0,0,48.7371,0
0.88,0,-0.0105028,0,0,0.020898,0,0,48.8665,0
0.885,0,-0.0105731,0,0,0.0210612,0,0,48.9602,0
0.89,0,-0.0106118,0,0,0.0211615,0,0,49.0188,0
0.895,0,-0.0106194,0,0,0.0212,0,0,49.0426,0
0.9,0,-0.0105961,0,0,0.0211769,0,0,49.0317,0
0.905,0,-0.0105419,0,0,0.0210923,0,0,48.9862,0
0.91,0,-0.0104568,0,0,0.0209457,0,0,48.9057,0
0.915,0,-0.0103404,0,0,0.0207364,0,0,48.7897,0
0.92,0,-0.0101921,0,0,0.0204632,0,0,48.6377,0
0.925,0,-0.0100112,0,0,0.0201244,0,0,48.4488,0
0.93,0,-0.00979688,0,0,0.0197181,0,0,48.222,0
0.935,0,-0.00954802,0,0,0.0192424,0,0,47.9561,0
0.94,0,-0.00926356,0,0,0.0186947,0,0,47.6498,0
0.945,0,-0.0089423,0,0,0.0180726,0,0,47.3017,0
0.95,0,-0.00858304,0,0,0.0173736,0,0,46.9101,0
0.955,0,-0.00818457,0,0,0.0165952,0,0,46.4733,0
0.96,0,-0.00774577,0,0,0.0157349,0,0,45.9896,0
0.965,0,-0.00726561,0,0,0.0147906,0,0,45.457,0
0.97,0,-0.00674323,0,0,0.0137606,0,0,44.8736,0
0.975,0,-0.00617801,0,0,0.0126433,0,0,44.2374,0
0.98,0,-0.0055696,0,0,0.011438,0,0,43.5466,0
0.985,0,-0.00491801,0,0,0.0101446,0,0,42.7991,0
0.99,0,-0.00422363,0,0,0.00876381,0,0,41.9932,0
0.995,0,-0.00348731,0,0,0.00729722,0,0,41.127,0
1,0,-0.00271045,0,0,0.00574749,0,0,40.1989,0
1.005,0,-0.00189496,0,0,0.00411845,0,0,39.2074,0
1.01,0,-0.0010434,0,0,0.0024151,0,0,38.1511,0
1.015,0,-0.000158943,0,0,0.00064378,0,0,37.0291,0
1.02,0,0.000754571,0,0,-0.00118784,0,0,35.8404,0
1.025,0,0.00169262,0,0,-0.00307071,0,0,34.5845,0
1.03,0,0.00265002,0,0,-0.0049944,0,0,33.2611,0
1.035,0,0.0036209,0,0,-0.00694714,0,0,31.8704,0
1.04,0,0.00459881,0,0,-0.00891589,0,0,30.4128,0
1.045,0,0.00557669,0,0,-0.0108864,0,0,28.8892,0
1.05,0,0.00654698,0,0,-0.0128434,0,0,27.3009,0
1.055,0,0.00750171,0,0,-0.0147707,0,0,25.6495,0
1.06,0,0.00843255,0,0,-0.0166515,0,0,23.9371,0
1.065,0,0.009331,0,0,-0.0184685,0,0,22.1664,0
1.07,0,0.0101885,0,0,-0.0202041,0,0,20.3403,0
1.075,0,0.0109964,0,0,-0.021841,0,0,18.4623,0
1.08,0,0.0117464,0,0,-0.0233621,0,0,16.5362,0
1.085,0,0.0124305,0,0,-0.0247511,0,0,14.5662,0
1.09,0,0.0130413,0,0,-0.0259927,0,0,12.557,0
1.095,0,0.0135718,0,0,-0.0270729,0,0,10.5134,0
1.1,0,0.0140161,0,0,-0.027979,0,0,8.44075,0
1.105,0,0.0143689,0,0,-0.0287006,0,0,6.34454,0
1.11,0,0.014626,0,0,-0.029229,0,0,4.23046,0
1.115,0,0.0147845,0,0,-0.0295579,0,0,2.10441,0
1.12,0,0.0148425,0,0,-0.0296832,0,0,-0.0276369,0
1.125,0,0.0147992,0,0,-0.0296034,0,0,-2.15963,0
1.13,0,0.0146553,0,0,-0.0293195,0,0,-4.28553,0
1.135,0,0.0144124,0,0,-0.028835,0,0,-6.39936,0
1.14,0,0.0140735,0,0,-0.0281556,0,0,-8.49522,0
1.145,0,0.0136426,0,0,-0.0272894,0,0,-10.5674,0
1.15,0,0.0131248,0,0,-0.0262467,0,0,-12.6104,0
1.155,0,0.012526,0,0,-0.0250395,0,0,-14.6191,0
1.16,0,0.0118529,0,0,-0.0236815,0,0,-16.5883,0
1.165,0,0.011113,0,0,-0.0221879,0,0,-18.5137,0
1.17,0,0.0103143,0,0,-0.0205746,0,0,-20.3908,0
1.175,0,0.00946492,0,0,-0.0188587,0,0,-22.2159,0
1.18,0,0.00857347,0,0,-0.0170575,0,0,-23.9856,0
1.185,0,0.00764852,0,0,-0.0151884,0,0,-25.6969,0
1.19,0,0.00669856,0,0,-0.0132689,0,0,-27.3471,0
1.195,0,0.00573193,0,0,-0.011316,0,0,-28.9343,0
1.2,0,0.00475663,0,0,-0.00934593,0,0,-30.4567,0
1.205,0,0.00378025,0,0,-0.00737429,0,0,-31.913,0
1.21,0,0.0028099,0,0,-0.00541557,0,0,-33.3024,0
1.215,0,0.00185212,0,0,-0.00348312,0,0,-34.6245,0
1.22,0,0.000912806,0,0,-0.00158902,0,0,-35.879,0
1.225,0,-2.75345e-06,0,0,0.000255972,0,0,-37.0664,0
1.23,0,-0.000889963,0,0,0.00204248,0,0,-38.1871,0
1.235,0,-0.00174489,0,0,0.00376249,0,0,-39.242,0
1.24,0,-0.00256428,0,0,0.00540936,0,0,-40.2321,0
1.245,0,-0.00334549,0,0,0.00697776,0,0,-41.1589,0
1.25,0,-0.00408651,0,0,0.00846359,0,0,-42.0237,0
1.255,0,-0.00478588,0,0,0.00986392,0,0,-42.8284,0
1.26,0,-0.00544266,0,0,0.0111769,0,0,-43.5745,0
1.265,0,-0.0060564,0,0,0.0124016,0,0,-44.2641,0
1.27,0,-0.00662701,0,0,0.013538,0,0,-44.899,0
1.275,0,-0.00715481,0,0,0.0145867,0,0,-45.4811,0
1.28,0,-0.00764037,0,0,0.015549,0,0,-46.0125,0
1.285,0,-0.00808451,0,0,0.0164266,0,0,-46.4951,0
1.29,0,-0.00848823,0,0,0.0172216,0,0,-46.9307,0
1.295,0,-0.00885265,0,0,0.0179364,0,0,-47.3212,0
1.3,0,-0.00917896,0,0,0.0185735,0,0,-47.6682,0
1.305,0,-0.00946839,0,0,0.0191354,0,0,-47.9733,0
1.31,0,-0.00972213,0,0,0.0196248,0,0,-48.2381,0
1.315,0,-0.00994132,0,0,0.0200439,0,0,-48.4639,0
1.32,0,-0.010127,0,0,0.020395,0,0,-48.6517,0
1.325,0,-0.0102801,0,0,0.0206801,0,0,-48.8026,0
1.33,0,-0.0104015,0,0,0.0209009,0,0,-48.9175,0
1.335,0,-0.0104916,0,0,0.0210587,0,0,-48.997,0
1.34,0,-0.010551,0,0,0.0211545,0,0,-49.0414,0
1.345,0,-0.0105798,0,0,0.0211888,0,0,-49.0512,0
1.35,0,-0.0105781,0,0,0.0211617,0,0,-49.0262,0
1.355,0,-0.0105456,0,0,0.021073,0,0,-48.9665,0
1.36,0,-0.010482,0,0,0.020922,0,0,-48.8716,0
1.365,0,-0.0103866,0,0,0.0207076,0,0,-48.7409,0
1.37,0,-0.0102587,0,0,0.0204283,0,0,-48.5739,0
1.375,0,-0.0100973,0,0,0.0200824,0,0,-48.3696,0
1.38,0,-0.00990138,0,0,0.0196677,0,0,-48.1269,0
1.385,0,-0.00966959,0,0,0.0191819,0,0,-47.8446,0
1.39,0,-0.00940065,0,0,0.0186226,0,0,-47.5213,0
1.395,0,-0.0090932,0,0,0.0179869,0,0,-47.1555,0
1.4,0,-0.00874584,0,0,0.0172724,0,0,-46.7454,0
1.405,0,-0.00835721,0,0,0.0164764,0,0,-46.2895,0
1.41,0,-0.00792605,0,0,0.0155965,0,0,-45.7857,0
1.415,0,-0.00745121,0,0,0.0146306,0,0,-45.2323,0
1.42,0,-0.00693175,0,0,0.0135769,0,0,-44.6273,0
1.425,0,-0.00636696,0,0,0.012434,0,0,-43.9687,0
1.43,0,-0.00575647,0,0,0.0112015,0,0,-43.2545,0
1.435,0,-0.00510028,0,0,0.00987936,0,0,-42.483,0
1.44,0,-0.00439881,0,0,0.0084686,0,0,-41.6522,0
1.445,0,-0.00365299,0,0,0.00697117,0,0,-40.7604,0
1.45,0,-0.00286431,0,0,0.00539013,0,0,-39.8061,0
1.455,0,-0.00203484,0,0,0.00372973,0,0,-38.7877,0
1.46,0,-0.00116732,0,0,0.00199548,0,0,-37.7041,0
1.465,0,-0.000265176,0,0,0.000194246,0,0,-36.5543,0
1.47,0,0.000667487,0,0,-0.00166571,0,0,-35.3376,0
1.475,0,0.00162583,0,0,-0.00357475,0,0,-34.0535,0
1.48,0,0.0026043,0,0,-0.00552182,0,0,-32.7019,0
1.485,0,0.00359666,0,0,-0.00749451,0,0,-31.2831,0
1.49,0,0.00459601,0,0,-0.00947916,0,0,-29.7977,0
1.495,0,0.00559485,0,0,-0.0114609,0,0,-28.2467,0
1.5,0,0.00658518,0,0,-0.013424,0,0,-26.6317,0
1.505,0,0.00755851,0,0,-0.0153515,0,0,-24.9544,0
1.51,0,0.00850608,0,0,-0.0172264,0,0,-23.2172,0
1.515,0,0.0094189,0,0,-0.0190309,0,0,-21.4228,0
1.52,0,0.0102879,0,0,-0.0207471,0,0,-19.5745,0
1.525,0,0.0111042,0,0,-0.0223576,0,0,-17.6757,0
1.53,0,0.011859,0,0,-0.0238453,0,0,-15.7306,0
1.535,0,0.0125439,0,0,-0.0251938,0,0,-13.7435,0
1.54,0,0.0131513,0,0,-0.026388,0,0,-11.7192,0
1.545,0,0.0136741,0,0,-0.0274143,0,0,-9.66273,0
1.55,0,0.0141061,0,0,-0.0282605,0,0,-7.57947,0
1.555,0,0.0144421,0,0,-0.0289165,0,0,-5.47502,0
1.56,0,0.0146779,0,0,-0.0293745,0,0,-3.35516,0
1.565,0,0.0148107,0,0,-0.0296288,0,0,-1.22584,0
1.57,0,0.0148387,0,0,-0.0296764,0,0,0.90693,0
1.575,0,0.0147617,0,0,-0.0295165,0,0,3.0371,0
1.58,0,0.0145804,0,0,-0.0291512,0,0,5.15865,0
1.585,0,0.0142972,0,0,-0.0285847,0,0,7.26563,0
1.59,0,0.0139153,0,0,-0.0278241,0,0,9.35222,0
1.595,0,0.0134394,0,0,-0.0268782,0,0,11.4128,0
1.6,0,0.0128752,0,0,-0.0257583,0,0,13.442,0
1.605,0,0.0122291,0,0,-0.0244774,0,0,15.4346,0
1.61,0,0.0115086,0,0,-0.0230498,0,0,17.3859,0
1.615,0,0.0107217,0,0,-0.0214915,0,0,19.2915,0
1.62,0,0.00987694,0,0,-0.0198192,0,0,21.1472,0
1.625,0,0.0089832,0,0,-0.0180502,0,0,22.9494,0
1.63,0,0.00804952,0,0,-0.0162024,0,0,24.6949,0
1.635,0,0.007085,0,0,-0.0142935,0,0,26.3809,0
1.64,0,0.0060986,0,0,-0.0123412,0,0,28.0049,0
1.645,0,0.00509902,0,0,-0.0103623,0,0,29.5651,0
1.65,0,0.0040946,0,0,-0.00837335,0,0,31.0599,0
1.655,0,0.00309319,0,0,-0.00638963,0,0,32.4883,0
1.66,0,0.0021021,0,0,-0.00442545,0,0,33.8495,0
1.665,0,0.00112799,0,0,-0.00249388,0,0,35.1433,0
1.67,0,0.000176839,0,0,-0.000606633,0,0,36.3697,0
1.675,0,-0.000746064,0,0,0.00122592,0,0,37.5291,0
1.68,0,-0.00163616,0,0,0.00299483,0,0,38.6222,0
1.685,0,-0.00248962,0,0,0.00469255,0,0,39.6499,0
1.69,0,-0.00330331,0,0,0.00631291,0,0,40.6135,0
1.695,0,-0.00407476,0,0,0.00785106,0,0,41.5143,0
1.7,0,-0.00480215,0,0,0.00930336,0,0,42.3538,0
1.705,0,-0.00548426,0,0,0.0106674,0,0,43.1339,0
1.71,0,-0.00612037,0,0,0.0119416,0,0,43.8563,0
1.715,0,-0.00671026,0,0,0.0131256,0,0,44.523,0
1.72,0,-0.00725413,0,0,0.0142197,0,0,45.1357,0
1.725,0,-0.00775252,0,0,0.0152248,0,0,45.6966,0
1.73,0,-0.00820625,0,0,0.0161426,0,0,46.2076,0
1.735,0,-0.00861638,0,0,0.016975,0,0,46.6705,0
1.74,0,-0.00898415,0,0,0.0177243,0,0,47.0873,0
1.745,0,-0.00931088,0,0,0.0183931,0,0,47.4596,0
1.75,0,-0.00959798,0,0,0.018984,0,0,47.7892,0
1.755,0,-0.00984684,0,0,0.0194997,0,0,48.0776,0
1.76,0,-0.0100588,0,0,0.0199429,0,0,48.3262,0
1.765,0,-0.0102353,0,0,0.020316,0,0,48.5362,0
1.77,0,-0.0103773,0,0,0.0206211,0,0,48.7089,0
1.775,0,-0.0104861,0,0,0.0208604,0,0,48.845,0
1.78,0,-0.0105624,0,0,0.0210354,0,0,48.9453,0
1.785,0,-0.010607,0,0,0.0211475,0,0,49.0105,0
1.79,0,-0.0106203,0,0,0.0211975,0,0,49.0408,0
1.795,0,-0.0106028,0,0,0.0211859,0,0,49.0364,0
1.8,0,-0.0105544,0,0,0.0211128,0,0,48.9974,0
1.805,0,-0.0104751,0,0,0.0209779,0,0,48.9234,0
1.81,0,-0.0103646,0,0,0.0207805,0,0,48.8142,0
1.815,0,-0.0102223,0,0,0.0205193,0,0,48.6689,0
1.82,0,-0.0100476,0,0,0.0201929,0,0,48.487,0
1.825,0,-0.00983961,0,0,0.0197994,0,0,48.2674,0
1.83,0,-0.0095973,0,0,0.0193369,0,0,48.0089,0
1.835,0,-0.00931959,0,0,0.0188028,0,0,47.7103,0
1.84,0,-0.00900532,0,0,0.0181949,0,0,47.3702,0
1.845,0,-0.00865327,0,0,0.0175105,0,0,46.9868,0
1.85,0,-0.00826223,0,0,0.0167471,0,0,46.5587,0
1.855,0,-0.00783107,0,0,0.0159023,0,0,46.0838,0
1.86,0,-0.00735872,0,0,0.014974,0,0,45.5605,0
1.865,0,-0.0068443,0,0,0.0139601,0,0,44.9868,0
1.87,0,-0.00628714,0,0,0.0128592,0,0,44.3606,0
1.875,0,-0.00568683,0,0,0.0116704,0,0,43.6802,0
1.88,0,-0.00504331,0,0,0.0103935,0,0,42.9435,0
1.885,0,-0.00435689,0,0,0.00902899,0,0,42.1486,0
1.89,0,-0.00362834,0,0,0.00757829,0,0,41.2939,0
1.895,0,-0.00285894,0,0,0.00604389,0,0,40.3775,0
1.9,0,-0.00205051,0,0,0.00442935,0,0,39.3979,0
1.905,0,-0.00120549,0,0,0.00273947,0,0,38.3539,0
1.91,0,-0.000326916,0,0,0.000980342,0,0,37.2443,0
1.915,0,0.000581481,0,0,-0.000840631,0,0,36.0681,0
1.92,0,0.00151531,0,0,-0.00271465,0,0,34.8248,0
1.925,0,0.00246951,0,0,-0.00463155,0,0,33.5141,0
1.93,0,0.00343834,0,0,-0.00657981,0,0,32.136,0
1.935,0,0.00441546,0,0,-0.00854662,0,0,30.6908,0
1.94,0,0.0053939,0,0,-0.0105179,0,0,29.1795,0
1.945,0,0.00636621,0,0,-0.0124787,0,0,27.6032,0
1.95,0,0.00732448,0,0,-0.0144128,0,0,25.9634,0
1.955,0,0.00826044,0,0,-0.0163036,0,0,24.2623,0
1.96,0,0.0091656,0,0,-0.0181339,0,0,22.5023,0
1.965,0,0.0100314,0,0,-0.019886,0,0,20.6864,0
1.97,0,0.0108492,0,0,-0.0215427,0,0,18.8178,0
1.975,0,0.0116107,0,0,-0.0230868,0,0,16.9004,0
1.98,0,0.0123078,0,0,-0.0245018,0,0,14.9383,0
1.985,0,0.0129328,0,0,-0.0257721,0,0,12.936,0
1.99,0,0.0134789,0,0,-0.0268835,0,0,10.8985,0
1.995,0,0.0139397,0,0,-0.0278231,0,0,8.83087,0
2,0,0.0143099,0,0,-0.02858,0,0,6.73864,0
2.005,0,0.0145853,0,0,-0.0291451,0,0,4.62746,0
2.01,0,0.0147625,0,0,-0.0295117,0,0,2.5032,0
2.015,0,0.0148394,0,0,-0.0296753,0,0,0.37182,0
2.02,0,0.014815,0,0,-0.029634,0,0,-1.76065,0
2.025,0,0.0146899,0,0,-0.0293881,0,0,-3.88815,0
2.03,0,0.0144653,0,0,-0.0289408,0,0,-6.00468,0
2.035,0,0.0141441,0,0,-0.0282973,0,0,-8.10435,0
2.04,0,0.0137301,0,0,-0.0274654,0,0,-10.1814,0
2.045,0,0.0132281,0,0,-0.0264549,0,0,-12.2303,0
2.05,0,0.012644,0,0,-0.0252775,0,0,-14.2457,0
2.055,0,0.0119843,0,0,-0.0239466,0,0,-16.2227,0
2.06,0,0.0112563,0,0,-0.0224772,0,0,-18.1566,0
2.065,0,0.010468,0,0,-0.0208851,0,0,-20.0431,0
2.07,0,0.00962745,0,0,-0.0191871,0,0,-21.8782,0
2.075,0,0.00874323,0,0,-0.0174005,0,0,-23.6586,0
2.08,0,0.00782389,0,0,-0.0155428,0,0,-25.381,0
2.085,0,0.00687798,0,0,-0.0136314,0,0,-27.0428,0
2.09,0,0.00591385,0,0,-0.0116835,0,0,-28.642,0
2.095,0,0.00493958,0,0,-0.00971544,0,0,-30.1766,0
2.1,0,0.00396285,0,0,-0.00774297,0,0,-31.6454,0
2.105,0,0.00299086,0,0,-0.00578078,0,0,-33.0473,0
2.11,0,0.00203025,0,0,-0.00384245,0,0,-34.382,0
2.115,0,0.00108706,0,0,-0.00194031,0,0,-35.6492,0
2.12,0,0.00016668,0,0,-8.53613e-05,0,0,-36.8491,0
2.125,0,-0.000726159,0,0,0.00171275,0,0,-37.9822,0
2.13,0,-0.0015874,0,0,0.00344576,0,0,-39.0494,0
2.135,0,-0.00241366,0,0,0.00510678,0,0,-40.0516,0
2.14,0,-0.0032022,0,0,0.00669022,0,0,-40.9901,0
2.145,0,-0.00395087,0,0,0.00819176,0,0,-41.8664,0
2.15,0,-0.00465812,0,0,0.00960828,0,0,-42.6822,0
2.155,0,-0.00532293,0,0,0.0109377,0,0,-43.4391,0
2.16,0,-0.00594474,0,0,0.012179,0,0,-44.1392,0
2.165,0,-0.00652342,0,0,0.0133319,0,0,-44.7841,0
2.17,0,-0.0070592,0,0,0.0143969,0,0,-45.376,0
2.175,0,-0.00755262,0,0,0.0153753,0,0,-45.9168,0
2.18,0,-0.00800444,0,0,0.0162686,0,0,-46.4084,0
2.185,0,-0.00841565,0,0,0.0170789,0,0,-46.8526,0
2.19,0,-0.00878734,0,0,0.0178085,0,0,-47.2514,0
2.195,0,-0.0091207,0,0,0.01846,0,0,-47.6064,0
2.2,0,-0.00941694,0,0,0.0190358,0,0,-47.9193,0
2.205,0,-0.00967727,0,0,0.0195385,0,0,-48.1916,0
2.21,0,-0.00990285,0,0,0.0199706,0,0,-48.4245,0
2.215,0,-0.0100947,0,0,0.0203343,0,0,-48.6194,0
2.22,0,-0.0102539,0,0,0.0206317,0,0,-48.7771,0
2.225,0,-0.0103811,0,0,0.0208644,0,0,-48.8987,0
2.23,0,-0.0104771,0,0,0.0210339,0,0,-48.9848,0
2.235,0,-0.0105422,0,0,0.0211413,0,0,-49.0358,0
2.24,0,-0.0105767,0,0,0.021187,0,0,-49.052,0
2.245,0,-0.0105807,0,0,0.0211714,0,0,-49.0335,0
2.25,0,-0.010554,0,0,0.0210943,0,0,-48.9803,0
2.255,0,-0.0104963,0,0,0.0209551,0,0,-48.892,0
2.26,0,-0.0104069,0,0,0.0207526,0,0,-48.7682,0
2.265,0,-0.0102852,0,0,0.0204856,0,0,-48.608,0
2.27,0,-0.0101302,0,0,0.0201523,0,0,-48.4108,0
2.275,0,-0.00994077,0,0,0.0197507,0,0,-48.1754,0
2.28,0,-0.00971578,0,0,0.0192784,0,0,-47.9006,0
2.285,0,-0.00945391,0,0,0.018733,0,0,-47.585,0
2.29,0,-0.00915377,0,0,0.0181119,0,0,-47.2273,0
2.295,0,-0.00881399,0,0,0.0174124,0,0,-46.8257,0
2.3,0,-0.00843319,0,0,0.0166318,0,0,-46.3784,0
2.305,0,-0.00801009,0,0,0.0157678,0,0,-45.8838,0
2.31,0,-0.00754351,0,0,0.0148181,0,0,-45.3398,0
2.315,0,-0.00703246,0,0,0.0137809,0,0,-44.7446,0
2.32,0,-0.0064762,0,0,0.0126549,0,0,-44.0962,0
2.325,0,-0.00587429,0,0,0.0114392,0,0,-43.3926,0
2.33,0,-0.00522663,0,0,0.0101338,0,0,-42.6319,0
2.335,0,-0.00453359,0,0,0.00873947,0,0,-41.8124,0
2.34,0,-0.00379598,0,0,0.00725807,0,0,-40.9321,0
2.345,0,-0.00301518,0,0,0.00569241,0,0,-39.9896,0
2.35,0,-0.00219316,0,0,0.00404648,0,0,-38.9833,0
2.355,0,-0.00133254,0,0,0.00232558,0,0,-37.9121,0
2.36,0,-0.000436582,0,0,0.000536308,0,0,-36.7747,0
2.365,0,0.000490713,0,0,-0.00131335,0,0,-35.5706,0
2.37,0,0.00144465,0,0,-0.00321399,0,0,-34.2991,0
2.375,0,0.0024198,0,0,-0.00515484,0,0,-32.9601,0
2.38,0,0.00341006,0,0,-0.00712374,0,0,-31.5539,0
2.385,0,0.00440866,0,0,-0.00910724,0,0,-30.0809,0
2.39,0,0.0054082,0,0,-0.0110907,0,0,-28.5421,0
2.395,0,0.00640075,0,0,-0.0130585,0,0,-26.9389,0
2.4,0,0.00737792,0,0,-0.014994,0,0,-25.2732,0
2.405,0,0.008331,0,0,-0.0168801,0,0,-23.547,0
2.41,0,0.00925102,0,0,-0.0186991,0,0,-21.7631,0
2.415,0,0.0101289,0,0,-0.0204332,0,0,-19.9246,0
2.42,0,0.0109557,0,0,-0.0220649,0,0,-18.035,0
2.425,0,0.0117227,0,0,-0.0235768,0,0,-16.0982,0
2.43,0,0.0124213,0,0,-0.0249526,0,0,-14.1186,0
2.435,0,0.0130438,0,0,-0.0261768,0,0,-12.1009,0
2.44,0,0.013583,0,0,-0.0272355,0,0,-10.0501,0
2.445,0,0.0140324,0,0,-0.0281162,0,0,-7.9714,0
2.45,0,0.0143867,0,0,-0.0288085,0,0,-5.87048,0
2.455,0,0.0146415,0,0,-0.0293041,0,0,-3.75306,0
2.46,0,0.0147938,0,0,-0.0295969,0,0,-1.62505,0
2.465,0,0.0148415,0,0,-0.0296833,0,0,0.507531,0
2.47,0,0.0147841,0,0,-0.0295622,0,0,2.63865,0
2.475,0,0.0146222,0,0,-0.029235,0,0,4.76227,0
2.48,0,0.0143579,0,0,-0.0287058,0,0,6.87242,0
2.485,0,0.0139941,0,0,-0.0279809,0,0,8.96326,0
2.49,0,0.0135355,0,0,-0.027069,0,0,11.0291,0
2.495,0,0.0129873,0,0,-0.0259807,0,0,13.0646,0
2.5,0,0.012356,0,0,-0.0247289,0,0,15.0644,0
2.505,0,0.0116488,0,0,-0.0233276,0,0,17.0239,0
2.51,0,0.0108737,0,0,-0.0217925,0,0,18.9383,0
2.515,0,0.0100391,0,0,-0.0201402,0,0,20.8037,0
2.52,0,0.00915389,0,0,-0.018388,0,0,22.6162,0
2.525,0,0.008227,0,0,-0.0165536,0,0,24.3725,0
2.53,0,0.00726756,0,0,-0.0146549,0,0,26.0698,0
2.535,0,0.00628459,0,0,-0.0127093,0,0,27.7056,0
2.54,0,0.00528683,0,0,-0.0107342,0,0,29.2778,0
2.545,0,0.0042827,0,0,-0.00874588,0,0,30.785,0
2.55,0,0.00328016,0,0,-0.00676006,0,0,32.2259,0
2.555,0,0.00228661,0,0,-0.00479119,0,0,33.5997,0
2.56,0,0.00130884,0,0,-0.00285257,0,0,34.9061,0
2.565,0,0.000352964,0,0,-0.000956196,0,0,36.1451,0
2.57,0,-0.000575597,0,0,0.00088732,0,0,37.3171,0
2.575,0,-0.00147215,0,0,0.00266876,0,0,38.4225,0
2.58,0,-0.00233273,0,0,0.00438033,0,0,39.4624,0
2.585,0,-0.00315407,0,0,0.00601559,0,0,40.4379,0
2.59,0,-0.00393359,0,0,0.00756944,0,0,41.3503,0
2.595,0,-0.00466935,0,0,0.00903804,0,0,42.2012,0
2.6,0,-0.00536,0,0,0.0104187,0,0,42.9923,0
2.605,0,-0.00600476,0,0,0.0117098,0,0,43.7253,0
2.61,0,-0.0066033,0,0,0.0129108,0,0,44.4023,0
2.615,0,-0.00715576,0,0,0.0140216,0,0,45.025,0
2.62,0,-0.00766261,0,0,0.0150433,0,0,45.5955,0
2.625,0,-0.00812463,0,0,0.0159773,0,0,46.1156,0
2.63,0,-0.00854284,0,0,0.0168255,0,0,46.5874,0
2.635,0,-0.00891844,0,0,0.0175901,0,0,47.0127,0
2.64,0,-0.00925275,0,0,0.0182738,0,0,47.3932,0
2.645,0,-0.00954716,0,0,0.0188791,0,0,47.7307,0
2.65,0,-0.00980308,0,0,0.0194087,0,0,48.0267,0
2.655,0,-0.0100219,0,0,0.0198653,0,0,48.2826,0
2.66,0,-0.0102049,0,0,0.0202513,0,0,48.4998,0
2.665,0,-0.0103533,0,0,0.020569,0,0,48.6793,0
2.67,0,-0.0104682,0,0,0.0208205,0,0,48.8222,0
2.675,0,-0.0105505,0,0,0.0210075,0,0,48.9292,0
2.68,0,-0.010601,0,0,0.0211312,0,0,49.0009,0
2.685,0,-0.0106202,0,0,0.0211928,0,0,49.0377,0
2.69,0,-0.0106084,0,0,0.0211927,0,0,49.0399,0
2.695,0,-0.0105658,0,0,0.0211312,0,0,49.0073,0
2.7,0,-0.0104923,0,0,0.0210079,0,0,48.9399,0
2.705,0,-0.0103877,0,0,0.0208223,0,0,48.8373,0
2.71,0,-0.0102514,0,0,0.0205731,0,0,48.6989,0
2.715,0,-0.0100829,0,0,0.020259,0,0,48.5239,0
2.72,0,-0.00988115,0,0,0.0198783,0,0,48.3114,0
2.725,0,-0.00964534,0,0,0.0194288,0,0,48.0604,0
2.73,0,-0.00937435,0,0,0.0189084,0,0,47.7694,0
2.735,0,-0.00906701,0,0,0.0183145,0,0,47.4371,0
2.74,0,-0.00872213,0,0,0.0176446,0,0,47.062,0
2.745,0,-0.00833849,0,0,0.0168962,0,0,46.6423,0
2.75,0,-0.00791492,0,0,0.0160668,0,0,46.1764,0
2.755,0,-0.00745036,0,0,0.0151543,0,0,45.6623,0
2.76,0,-0.00694388,0,0,0.0141565,0,0,45.0981,0
2.765,0,-0.00639476,0,0,0.013072,0,0,44.482,0
2.77,0,-0.00580255,0,0,0.0118998,0,0,43.8119,0
2.775,0,-0.00516711,0,0,0.0106393,0,0,43.0858,0
2.78,0,-0.00448867,0,0,0.00929115,0,0,42.302,0
2.785,0,-0.00376793,0,0,0.00785643,0,0,41.4586,0
2.79,0,-0.00300606,0,0,0.00633746,0,0,40.5538,0
2.795,0,-0.00220478,0,0,0.00473761,0,0,39.5862,0
2.8,0,-0.00136639,0,0,0.00306142,0,0,38.5544,0
2.805,0,-0.000493841,0,0,0.00131473,0,0,37.4571,0
2.81,0,0.000409284,0,0,-0.000495288,0,0,36.2935,0
2.815,0,0.00133872,0,0,-0.00236011,0,0,35.0628,0
2.82,0,0.00228952,0,0,-0.00426982,0,0,33.7647,0
2.825,0,0.00325608,0,0,-0.00621314,0,0,32.3992,0
2.83,0,0.00423215,0,0,-0.0081775,0,0,30.9665,0
2.835,0,0.0052109,0,0,-0.0101491,0,0,29.4675,0
2.84,0,0.00618495,0,0,-0.012113,0,0,27.9033,0
2.845,0,0.00714646,0,0,-0.0140534,0,0,26.2752,0
2.85,0,0.00808724,0,0,-0.0159536,0,0,24.5855,0
2.855,0,0.00899883,0,0,-0.0177965,0,0,22.8363,0
2.86,0,0.00987264,0,0,-0.0195647,0,0,21.0306,0
2.865,0,0.0107001,0,0,-0.0212405,0,0,19.1716,0
2.87,0,0.0114728,0,0,-0.022807,0,0,17.263,0
2.875,0,0.0121825,0,0,-0.0242473,0,0,15.3089,0
2.88,0,0.0128216,0,0,-0.0255459,0,0,13.3138,0
2.885,0,0.0133829,0,0,-0.026688,0,0,11.2825,0
2.89,0,0.0138601,0,0,-0.0276607,0,0,9.22012,0
2.895,0,0.0142477,0,0,-0.0284526,0,0,7.13207,0
2.9,0,0.0145411,0,0,-0.0290542,0,0,5.02401,0
2.905,0,0.0147369,0,0,-0.0294584,0,0,2.90175,0
2.91,0,0.0148326,0,0,-0.0296602,0,0,0.771239,0
2.915,0,0.0148273,0,0,-0.0296573,0,0,-1.36148,0
2.92,0,0.0147209,0,0,-0.0294496,0,0,-3.49037,0
2.925,0,0.0145148,0,0,-0.0290397,0,0,-5.60942,0
2.93,0,0.0142115,0,0,-0.0284324,0,0,-7.71269,0
2.935,0,0.0138145,0,0,-0.0276351,0,0,-9.7944,0
2.94,0,0.0133286,0,0,-0.0266572,0,0,-11.849,0
2.945,0,0.0127593,0,0,-0.0255101,0,0,-13.8711,0
2.95,0,0.0121132,0,0,-0.0242069,0,0,-15.8557,0
2.955,0,0.0113975,0,0,-0.0227622,0,0,-17.798,0
2.96,0,0.0106198,0,0,-0.0211918,0,0,-19.6936,0
2.965,0,0.00978844,0,0,-0.0195123,0,0,-21.5386,0
2.97,0,0.00891175,0,0,-0.017741,0,0,-23.3295,0
2.975,0,0.00799834,0,0,-0.0158953,0,0,-25.0629,0
2.98,0,0.00705676,0,0,-0.0139927,0,0,-26.7363,0
2.985,0,0.00609542,0,0,-0.0120503,0,0,-28.3474,0
2.99,0,0.00512245,0,0,-0.0100848,0,0,-29.8942,0
2.995,0,0.00414562,0,0,-0.00811201,0,0,-31.3754,0
3,0,0.00317222,0,0,-0.00614682,0,0,-32.7899,0
3.005,0,0.00220899,0,0,-0.00420305,0,0,-34.1372,0
3.01,0,0.00126211,0,0,-0.00229325,0,0,-35.417,0
3.015,0,0.000337081,0,0,-0.000428692,0,0,-36.6295,0
3.02,0,-0.000561244,0,0,0.00138073,0,0,-37.7751,0
3.025,0,-0.00142868,0,0,0.0031265,0,0,-38.8545,0
3.03,0,-0.00226172,0,0,0.00480146,0,0,-39.8688,0
3.035,0,-0.0030575,0,0,0.0063998,0,0,-40.8191,0
3.04,0,-0.00381377,0,0,0.00791695,0,0,-41.7069,0
3.045,0,-0.00452888,0,0,0.00934958,0,0,-42.5339,0
3.05,0,-0.00520169,0,0,0.0106954,0,0,-43.3018,0
3.055,0,-0.00583158,0,0,0.0119533,0,0,-44.0123,0
3.06,0,-0.00641833,0,0,0.0131227,0,0,-44.6674,0
3.065,0,-0.00696211,0,0,0.0142041,0,0,-45.2691,0
3.07,0,-0.0074634,0,0,0.0151986,0,0,-45.8193,0
3.075,0,-0.00792295,0,0,0.0161077,0,0,-46.32,0
3.08,0,-0.00834168,0,0,0.0169334,0,0,-46.7729,0
3.085,0,-0.00872068,0,0,0.0176779,0,0,-47.1801,0
3.09,0,-0.00906113,0,0,0.0183438,0,0,-47.5432,0
3.095,0,-0.00936423,0,0,0.0189336,0,0,-47.8639,0
3.1,0,-0.0096312,0,0,0.0194498,0,0,-48.1436,0
3.105,0,-0.0098632,0,0,0.019895,0,0,-48.3838,0
3.11,0,-0.0100613,0,0,0.0202713,0,0,-48.5857,0
3.115,0,-0.0102266,0,0,0.020581,0,0,-48.7504,0
3.12,0,-0.0103597,0,0,0.0208257,0,0,-48.8787,0
3.125,0,-0.0104615,0,0,0.021007,0,0,-48.9713,0
3.13,0,-0.0105323,0,0,0.0211259,0,0,-49.0289,0
3.135,0,-0.0105726,0,0,0.0211831,0,0,-49.0516,0
3.14,0,-0.0105823,0,0,0.021179,0,0,-49.0396,0
3.145,0,-0.0105614,0,0,0.0211135,0,0,-48.993,0
3.15,0,-0.0105095,0,0,0.0209859,0,0,-48.9113,0
3.155,0,-0.0104261,0,0,0.0207954,0,0,-48.7941,0
3.16,0,-0.0103105,0,0,0.0205406,0,0,-48.6408,0
3.165,0,-0.0101618,0,0,0.0202199,0,0,-48.4506,0
3.17,0,-0.00997891,0,0,0.0198312,0,0,-48.2224,0
3.175,0,-0.00976068,0,0,0.0193724,0,0,-47.9551,0
3.18,0,-0.00950582,0,0,0.0188409,0,0,-47.6473,0
3.185,0,-0.00921295,0,0,0.0182341,0,0,-47.2976,0
3.19,0,-0.0088807,0,0,0.0175495,0,0,-46.9043,0
3.195,0,-0.00850769,0,0,0.0167843,0,0,-46.4657,0
3.2,0,-0.0080926,0,0,0.0159361,0,0,-45.9801,0
3.205,0,-0.00763424,0,0,0.0150026,0,0,-45.4455,0
3.21,0,-0.00713159,0,0,0.0139819,0,0,-44.8601,0
3.215,0,-0.00658384,0,0,0.0128726,0,0,-44.2218,0
3.22,0,-0.00599049,0,0,0.0116737,0,0,-43.5286,0
3.225,0,-0.00535139,0,0,0.010385,0,0,-42.7788,0
3.23,0,-0.0046668,0,0,0.00900728,0,0,-41.9704,0
3.235,0,-0.00393745,0,0,0.00754202,0,0,-41.1017,0
3.24,0,-0.00316461,0,0,0.00599186,0,0,-40.1709,0
3.245,0,-0.00235013,0,0,0.00436061,0,0,-39.1767,0
3.25,0,-0.00149651,0,0,0.00265328,0,0,-38.1177,0
3.255,0,-0.000606887,0,0,0.000876249,0,0,-36.9928,0
3.26,0,0.000314875,0,0,-0.00096277,0,0,-35.8012,0
3.265,0,0.00126421,0,0,-0.00285465,0,0,-34.5423,0
3.27,0,0.00223584,0,0,-0.00478885,0,0,-33.216,0
3.275,0,0.00322377,0,0,-0.00675348,0,0,-31.8223,0
3.28,0,0.00422135,0,0,-0.00873533,0,0,-30.3618,0
3.285,0,0.00522129,0,0,-0.01072,0,0,-28.8352,0
3.29,0,0.00621578,0,0,-0.0126919,0,0,-27.244,0
3.295,0,0.00719649,0,0,-0.0146348,0,0,-25.5898,0
3.3,0,0.00815476,0,0,-0.0165315,0,0,-23.8747,0
3.305,0,0.00908165,0,0,-0.0183644,0,0,-22.1014,0
3.31,0,0.00996814,0,0,-0.0201158,0,0,-20.2729,0
3.315,0,0.0108052,0,0,-0.0217679,0,0,-18.3926,0
3.32,0,0.011584,0,0,-0.0233035,0,0,-16.4643,0
3.325,0,0.0122961,0,0,-0.024706,0,0,-14.4924,0
3.33,0,0.0129334,0,0,-0.0259597,0,0,-12.4815,0
3.335,0,0.0134886,0,0,-0.0270504,0,0,-10.4364,0
3.34,0,0.0139553,0,0,-0.0279653,0,0,-8.36254,0
3.345,0,0.0143278,0,0,-0.0286936,0,0,-6.26536,0
3.35,0,0.0146015,0,0,-0.0292266,0,0,-4.15058,0
3.355,0,0.0147732,0,0,-0.0295577,0,0,-2.02411,0
3.36,0,0.0148406,0,0,-0.0296829,0,0,0.10808,0
3.365,0,0.0148028,0,0,-0.0296006,0,0,2.23993,0
3.37,0,0.0146604,0,0,-0.0293118,0,0,4.36541,0
3.375,0,0.014415,0,0,-0.0288201,0,0,6.47854,0
3.38,0,0.0140696,0,0,-0.0281312,0,0,8.57343,0
3.385,0,0.0136284,0,0,-0.0272535,0,0,10.6444,0
3.39,0,0.0130965,0,0,-0.0261974,0,0,12.686,0
3.395,0,0.0124802,0,0,-0.0249751,0,0,14.6929,0
3.4,0,0.0117867,0,0,-0.0236007,0,0,16.6602,0
3.405,0,0.0110237,0,0,-0.0220894,0,0,18.5834,0
3.41,0,0.0101996,0,0,-0.0204578,0,0,20.4582,0
3.415,0,0.00932311,0,0,-0.018723,0,0,22.2809,0
3.42,0,0.00840333,0,0,-0.0169026,0,0,24.048,0
3.425,0,0.0074493,0,0,-0.0150145,0,0,25.7565,0
3.43,0,0.00647006,0,0,-0.0130764,0,0,27.404,0
3.435,0,0.00547441,0,0,-0.0111055,0,0,28.9883,0
3.44,0,0.00447086,0,0,-0.00911851,0,0,30.5077,0
3.445,0,0.00346744,0,0,-0.00713108,0,0,31.9611,0
3.45,0,0.00247167,0,0,-0.00515799,0,0,33.3475,0
3.455,0,0.00149046,0,0,-0.00321275,0,0,34.6666,0
3.46,0,0.00053005,0,0,-0.00130762,0,0,35.9182,0
3.465,0,-0.000404005,0,0,0.000546541,0,0,37.1027,0
3.47,0,-0.00130688,0,0,0.00234025,0,0,38.2205,0
3.475,0,-0.00217447,0,0,0.00406543,0,0,39.2726,0
3.48,0,-0.00300337,0,0,0.0057154,0,0,40.26,0
3.485,0,-0.00379089,0,0,0.00728483,0,0,41.1841,0
3.49,0,-0.00453496,0,0,0.00876964,0,0,42.0464,0
3.495,0,-0.00523414,0,0,0.0101669,0,0,42.8486,0
3.5,0,-0.00588752,0,0,0.0114749,0,0,43.5924,0
3.505,0,-0.00649473,0,0,0.0126927,0,0,44.2797,0
3.51,0,-0.00705579,0,0,0.0138204,0,0,44.9124,0
3.515,0,-0.00757113,0,0,0.0148587,0,0,45.4925,0
3.52,0,-0.00804147,0,0,0.015809,0,0,46.022,0
3.525,0,-0.0084678,0,0,0.0166731,0,0,46.5027,0
3.53,0,-0.00885128,0,0,0.0174532,0,0,46.9365,0
3.535,0,-0.00919322,0,0,0.0181518,0,0,47.3253,0
3.54,0,-0.009495,0,0,0.0187716,0,0,47.6707,0
3.545,0,-0.00975802,0,0,0.0193152,0,0,47.9743,0
3.55,0,-0.00998367,0,0,0.0197853,0,0,48.2377,0
3.555,0,-0.0101733,0,0,0.0201843,0,0,48.462,0
3.56,0,-0.0103281,0,0,0.0205146,0,0,48.6485,0
3.565,0,-0.0104492,0,0,0.0207784,0,0,48.7982,0
3.57,0,-0.0105375,0,0,0.0209773,0,0,48.9119,0
3.575,0,-0.0105939,0,0,0.0211128,0,0,48.9902,0
3.58,0,-0.0106189,0,0,0.021186,0,0,49.0335,0
3.585,0,-0.0106129,0,0,0.0211974,0,0,49.0421,0
3.59,0,-0.0105761,0,0,0.0211474,0,0,49.0161,0
3.595,0,-0.0105085,0,0,0.0210357,0,0,48.9552,0
3.6,0,-0.0104097,0,0,0.0208618,0,0,48.8593,0
3.605,0,-0.0102794,0,0,0.0206247,0,0,48.7276,0
3.61,0,-0.0101169,0,0,0.0203229,0,0,48.5595,0
3.615,0,-0.00992149,0,0,0.0199548,0,0,48.3541,0
3.62,0,-0.00969214,0,0,0.0195184,0,0,48.1104,0
3.625,0,-0.00942783,0,0,0.0190114,0,0,47.827,0
3.63,0,-0.00912739,0,0,0.0184314,0,0,47.5026,0
3.635,0,-0.00878963,0,0,0.0177759,0,0,47.1356,0
3.64,0,-0.00841334,0,0,0.0170424,0,0,46.7244,0
3.645,0,-0.00799733,0,0,0.0162284,0,0,46.2673,0
3.65,0,-0.00754052,0,0,0.0153316,0,0,45.7623,0
3.655,0,-0.00704195,0,0,0.0143499,0,0,45.2077,0
3.66,0,-0.00650087,0,0,0.0132818,0,0,44.6014,0
3.665,0,-0.00591675,0,0,0.012126,0,0,43.9415,0
3.67,0,-0.00528939,0,0,0.0108821,0,0,43.2261,0
3.675,0,-0.00461897,0,0,0.00955027,0,0,42.4533,0
3.68,0,-0.00390608,0,0,0.00813161,0,0,41.6211,0
3.685,0,-0.0031518,0,0,0.0066282,0,0,40.728,0
3.69,0,-0.00235774,0,0,0.00504318,0,0,39.7723,0
3.695,0,-0.0015261,0,0,0.00338088,0,0,38.7526,0
3.7,0,-0.000659692,0,0,0.0016469,0,0,37.6676,0
3.705,0,0.000238011,0,0,-0.00015187,0,0,36.5165,0
3.71,0,0.00116287,0,0,-0.00200714,0,0,35.2984,0
3.715,0,0.00211008,0,0,-0.00390926,0,0,34.0129,0
3.72,0,0.00307414,0,0,-0.00584721,0,0,32.66,0
3.725,0,0.00404894,0,0,-0.00780864,0,0,31.2399,0
3.73,0,0.00502773,0,0,-0.00977999,0,0,29.7533,0
3.735,0,0.00600325,0,0,-0.0117465,0,0,28.2011,0
3.74,0,0.00696772,0,0,-0.0136926,0,0,26.5849,0
3.745,0,0.00791302,0,0,-0.0156016,0,0,24.9065,0
3.75,0,0.00883073,0,0,-0.0174566,0,0,23.1683,0
3.755,0,0.00971227,0,0,-0.01924,0,0,21.3729,0
3.76,0,0.0105491,0,0,-0.0209345,0,0,19.5236,0
3.765,0,0.0113326,0,0,-0.0225227,0,0,17.624,0
3.77,0,0.0120547,0,0,-0.0239879,0,0,15.6781,0
3.775,0,0.0127076,0,0,-0.0253142,0,0,13.6904,0
3.78,0,0.013284,0,0,-0.0264867,0,0,11.6654,0
3.785,0,0.0137774,0,0,-0.027492,0,0,9.60847,0
3.79,0,0.0141822,0,0,-0.0283185,0,0,7.52481,0
3.795,0,0.0144935,0,0,-0.0289564,0,0,5.42005,0
3.8,0,0.0147078,0,0,-0.029398,0,0,3.3,0
3.805,0,0.0148224,0,0,-0.029638,0,0,1.17058,0
3.81,0,0.014836,0,0,-0.0296735,0,0,-0.962188,0
3.815,0,0.0147485,0,0,-0.029504,0,0,-3.09226,0
3.82,0,0.0145609,0,0,-0.0291316,0,0,-5.2136,0
3.825,0,0.0142755,0,0,-0.0285608,0,0,-7.32026,0
3.83,0,0.0138958,0,0,-0.0277985,0,0,-9.40645,0
3.835,0,0.0134261,0,0,-0.0268536,0,0,-11.4665,0
3.84,0,0.012872,0,0,-0.0257372,0,0,-13.4951,0
3.845,0,0.0122398,0,0,-0.0244622,0,0,-15.4871,0
3.85,0,0.0115365,0,0,-0.0230428,0,0,-17.4376,0
3.855,0,0.0107698,0,0,-0.0214947,0,0,-19.3423,0
3.86,0,0.00994784,0,0,-0.0198344,0,0,-21.1971,0
3.865,0,0.00907899,0,0,-0.0180789,0,0,-22.9984,0
3.87,0,0.0081718,0,0,-0.0162458,0,0,-24.7428,0
3.875,0,0.00723485,0,0,-0.0143525,0,0,-26.4276,0
3.88,0,0.00627658,0,0,-0.0124163,0,0,-28.0505,0
3.885,0,0.00530519,0,0,-0.0104539,0,0,-29.6094,0
3.89,0,0.00432851,0,0,-0.00848132,0,0,-31.103,0
3.895,0,0.00335393,0,0,-0.00651362,0,0,-32.5301,0
3.9,0,0.00238831,0,0,-0.00456485,0,0,-33.89,0
3.905,0,0.00143793,0,0,-0.00264779,0,0,-35.1825,0
3.91,0,0.00050842,0,0,-0.000773962,0,0,-36.4076,0
3.915,0,-0.000395244,0,0,0.00104648,0,0,-37.5656,0
3.92,0,-0.00126875,0,0,0.00280475,0,0,-38.6573,0
3.925,0,-0.00210847,0,0,0.00449346,0,0,-39.6837,0
3.93,0,-0.00291142,0,0,0.00610653,0,0,-40.6459,0
3.935,0,-0.00367523,0,0,0.00763918,0,0,-41.5454,0
3.94,0,-0.00439815,0,0,0.00908784,0,0,-42.3836,0
3.945,0,-0.00507894,0,0,0.0104501,0,0,-43.1624,0
3.95,0,-0.0057169,0,0,0.0117244,0,0,-43.8835,0
3.955,0,-0.00631172,0,0,0.0129104,0,0,-44.5489,0
3.96,0,-0.00686352,0,0,0.0140082,0,0,-45.1604,0
3.965,0,-0.00737273,0,0,0.0150189,0,0,-45.7201,0
3.97,0,-0.00784002,0,0,0.0159438,0,0,-46.2299,0
3.975,0,-0.00826632,0,0,0.016785,0,0,-46.6917,0
3.98,0,-0.00865268,0,0,0.0175445,0,0,-47.1073,0
3.985,0,-0.00900025,0,0,0.018225,0,0,-47.4785,0
3.99,0,-0.00931025,0,0,0.0188288,0,0,-47.807,0
3.995,0,-0.0095839,0,0,0.0193586,0,0,-48.0943,0
4,0,-0.00982236,0,0,0.0198169,0,0,-48.3418,0
4.005,0,-0.0100268,0,0,0.020206,0,0,-48.5508,0
4.01,0,-0.0101981,0,0,0.020528,0,0,-48.7223,0
4.015,0,-0.0103372,0,0,0.0207847,0,0,-48.8574,0
4.02,0,-0.0104448,0,0,0.0209778,0,0,-48.9567,0
4.025,0,-0.0105214,0,0,0.0211083,0,0,-49.0207,0
4.03,0,-0.0105674,0,0,0.0211771,0,0,-49.05,0
4.035,0,-0.0105828,0,0,0.0211845,0,0,-49.0445,0
4.04,0,-0.0105676,0,0,0.0211305,0,0,-49.0044,0
4.045,0,-0.0105216,0,0,0.0210146,0,0,-48.9292,0
4.05,0,-0.0104441,0,0,0.0208359,0,0,-48.8188,0
4.055,0,-0.0103346,0,0,0.0205933,0,0,-48.6723,0
4.06,0,-0.0101922,0,0,0.0202851,0,0,-48.4891,0
4.065,0,-0.0100158,0,0,0.0199093,0,0,-48.2681,0
4.07,0,-0.0098043,0,0,0.0194638,0,0,-48.0082,0
4.075,0,-0.0095564,0,0,0.0189461,0,0,-47.7081,0
4.08,0,-0.00927076,0,0,0.0183536,0,0,-47.3663,0
4.085,0,-0.00894599,0,0,0.0176837,0,0,-46.9813,0
4.09,0,-0.00858071,0,0,0.0169338,0,0,-46.5514,0
4.095,0,-0.0081736,0,0,0.0161013,0,0,-46.0747,0
4.1,0,-0.00772343,0,0,0.015184,0,0,-45.5495,0
4.105,0,-0.00722913,0,0,0.0141798,0,0,-44.9737,0
4.11,0,-0.00668988,0,0,0.0130871,0,0,-44.3454,0
4.115,0,-0.0061051,0,0,0.011905,0,0,-43.6627,0
4.12,0,-0.00547456,0,0,0.0106332,0,0,-42.9237,0
4.125,0,-0.00479844,0,0,0.00927202,0,0,-42.1264,0
4.13,0,-0.00407739,0,0,0.00782298,0,0,-41.2691,0
4.135,0,-0.00331258,0,0,0.00628847,0,0,-40.35,0
4.14,0,-0.00250573,0,0,0.00467206,0,0,-39.3678,0
4.145,0,-0.00165921,0,0,0.00297854,0,0,-38.321,0
4.15,0,-0.000776062,0,0,0.00121401,0,0,-37.2085,0
4.155,0,0.000140007,0,0,-0.000614051,0,0,-36.0294,0
4.16,0,0.00108456,0,0,-0.00249679,0,0,-34.7832,0
4.165,0,0.00205244,0,0,-0.00442393,0,0,-33.4695,0
4.17,0,0.00303781,0,0,-0.00638383,0,0,-32.0884,0
4.175,0,0.00403412,0,0,-0.00836352,0,0,-30.6403,0
4.18,0,0.0050342,0,0,-0.0103488,0,0,-29.1261,0
4.185,0,0.00603033,0,0,-0.0123243,0,0,-27.5469,0
4.19,0,0.00701427,0,0,-0.0142739,0,0,-25.9043,0
4.195,0,0.00797741,0,0,-0.0161806,0,0,-24.2004,0
4.2,0,0.00891087,0,0,-0.0180268,0,0,-22.4378,0
4.205,0,0.00980561,0,0,-0.0197948,0,0,-20.6194,0
4.21,0,0.0106526,0,0,-0.0214669,0,0,-18.7485,0
4.215,0,0.011443,0,0,-0.0230256,0,0,-16.8289,0
4.22,0,0.0121682,0,0,-0.0244542,0,0,-14.8648,0
4.225,0,0.0128201,0,0,-0.0257369,0,0,-12.8608,0
4.23,0,0.0133912,0,0,-0.0268591,0,0,-10.8218,0
4.235,0,0.0138749,0,0,-0.0278079,0,0,-8.75287,0
4.24,0,0.0142654,0,0,-0.0285718,0,0,-6.65962,0
4.245,0,0.0145579,0,0,-0.029142,0,0,-4.5477,0
4.25,0,0.0147489,0,0,-0.0295113,0,0,-2.42296,0
4.255,0,0.0148359,0,0,-0.0296752,0,0,-0.291383,0
4.26,0,0.0148179,0,0,-0.0296318,0,0,1.84099,0
4.265,0,0.014695,0,0,-0.0293815,0,0,3.96813,0
4.27,0,0.0144687,0,0,-0.0289274,0,0,6.08401,0
4.275,0,0.0141418,0,0,-0.0282749,0,0,8.18276,0
4.28,0,0.0137181,0,0,-0.0274318,0,0,10.2586,0
4.285,0,0.0132027,0,0,-0.0264082,0,0,12.3061,0
4.29,0,0.0126017,0,0,-0.0252161,0,0,14.3199,0
4.295,0,0.0119221,0,0,-0.023869,0,0,16.295,0
4.3,0,0.0111715,0,0,-0.0223821,0,0,18.2268,0
4.305,0,0.0103582,0,0,-0.0207717,0,0,20.111,0
4.31,0,0.00949082,0,0,-0.0190549,0,0,21.9437,0
4.315,0,0.00857846,0,0,-0.0172492,0,0,23.7214,0
4.32,0,0.00763016,0,0,-0.0153725,0,0,25.4411,0
4.325,0,0.00665496,0,0,-0.0134424,0,0,27.1002,0
4.33,0,0.00566173,0,0,-0.0114764,0,0,28.6965,0
4.335,0,0.00465903,0,0,-0.00949112,0,0,30.2282,0
4.34,0,0.00365499,0,0,-0.00750262,0,0,31.694,0
4.345,0,0.00265724,0,0,-0.00552577,0,0,33.093,0
4.35,0,0.00167281,0,0,-0.00357435,0,0,34.4247,0
4.355,0,0.000708062,0,0,-0.00166083,0,0,35.689,0
4.36,0,-0.000231317,0,0,0.000203637,0,0,36.8859,0
4.365,0,-0.00114036,0,0,0.00200932,0,0,38.0162,0
4.37,0,-0.00201484,0,0,0.00374788,0,0,39.0805,0
4.375,0,-0.00285122,0,0,0.00541239,0,0,40.08,0
4.38,0,-0.00364666,0,0,0.00699725,0,0,41.0158,0
4.385,0,-0.004399,0,0,0.00849816,0,0,41.8896,0
4.39,0,-0.00510666,0,0,0.00991201,0,0,42.7029,0
4.395,0,-0.00576867,0,0,0.0112368,0,0,43.4574,0
4.4,0,-0.00638453,0,0,0.0124715,0,0,44.1552,0
4.405,0,-0.00695421,0,0,0.013616,0,0,44.798,0
4.41,0,-0.00747807,0,0,0.014671,0,0,45.3878,0
4.415,0,-0.00795677,0,0,0.0156376,0,0,45.9266,0
4.42,0,-0.00839126,0,0,0.0165177,0,0,46.4163,0
4.425,0,-0.00878267,0,0,0.0173134,0,0,46.8587,0
4.43,0,-0.00913229,0,0,0.0180271,0,0,47.2558,0
4.435,0,-0.00944148,0,0,0.0186614,0,0,47.6092,0
4.44,0,-0.00971165,0,0,0.0192191,0,0,47.9206,0
4.445,0,-0.00994419,0,0,0.0197027,0,0,48.1913,0
4.45,0,-0.0101405,0,0,0.0201149,0,0,48.4229,0
4.455,0,-0.0103017,0,0,0.0204579,0,0,48.6164,0
4.46,0,-0.010429,0,0,0.020734,0,0,48.7729,0
4.465,0,-0.0105235,0,0,0.0209449,0,0,48.8933,0
4.47,0,-0.0105858,0,0,0.0210922,0,0,48.9782,0
4.475,0,-0.0106166,0,0,0.021177,0,0,49.028,0
4.48,0,-0.0106164,0,0,0.0212,0,0,49.0431,0
4.485,0,-0.0105854,0,0,0.0211615,0,0,49.0236,0
4.49,0,-0.0105235,0,0,0.0210614,0,0,48.9693,0
4.495,0,-0.0104306,0,0,0.0208992,0,0,48.8799,0
4.5,0,-0.0103062,0,0,0.0206739,0,0,48.755,0
4.505,0,-0.0101498,0,0,0.0203844,0,0,48.5938,0
4.51,0,-0.00996064,0,0,0.0200289,0,0,48.3955,0
4.515,0,-0.00973772,0,0,0.0196054,0,0,48.159,0
4.52,0,-0.00948004,0,0,0.0191118,0,0,47.8831,0
4.525,0,-0.00918646,0,0,0.0185457,0,0,47.5665,0
4.53,0,-0.00885578,0,0,0.0179046,0,0,47.2076,0
4.535,0,-0.00848679,0,0,0.0171859,0,0,46.8048,0
4.54,0,-0.00807831,0,0,0.0163871,0,0,46.3565,0
4.545,0,-0.00762922,0,0,0.015506,0,0,45.8606,0
4.55,0,-0.00713854,0,0,0.0145403,0,0,45.3154,0
4.555,0,-0.00660546,0,0,0.0134885,0,0,44.719,0
4.56,0,-0.00602943,0,0,0.0123492,0,0,44.0693,0
4.565,0,-0.00541017,0,0,0.0111218,0,0,43.3644,0
4.57,0,-0.00474778,0,0,0.00980634,0,0,42.6025,0
4.575,0,-0.00404278,0,0,0.00840382,0,0,41.7816,0
4.58,0,-0.00329614,0,0,0.00691607,0,0,40.9,0
4.585,0,-0.00250938,0,0,0.00534605,0,0,39.9561,0
4.59,0,-0.00168458,0,0,0.00369783,0,0,38.9485,0
4.595,0,-0.000824444,0,0,0.00197679,0,0,37.8758,0
4.6,0,6.76932e-05,0,0,0.000189563,0,0,36.7371,0
4.605,0,0.000987814,0,0,-0.00165582,0,0,35.5316,0
4.61,0,0.00193123,0,0,-0.00354996,0,0,34.2588,0
4.615,0,0.00289259,0,0,-0.0054821,0,0,32.9185,0
4.62,0,0.00386587,0,0,-0.00744014,0,0,31.511,0
4.625,0,0.00484445,0,0,-0.00941071,0,0,30.0367,0
4.63,0,0.00582116,0,0,-0.0113793,0,0,28.4967,0
4.635,0,0.00678831,0,0,-0.0133304,0,0,26.8924,0
4.64,0,0.00773783,0,0,-0.0152477,0,0,25.2255,0
4.645,0,0.00866135,0,0,-0.0171141,0,0,23.4982,0
4.65,0,0.00955032,0,0,-0.0189123,0,0,21.7133,0
4.655,0,0.0103961,0,0,-0.0206247,0,0,19.8739,0
4.66,0,0.0111903,0,0,-0.0222342,0,0,17.9834,0
4.665,0,0.0119245,0,0,-0.0237236,0,0,16.0459,0
4.67,0,0.0125909,0,0,-0.0250771,0,0,14.0656,0
4.675,0,0.0131822,0,0,-0.0262794,0,0,12.0473,0
4.68,0,0.0136916,0,0,-0.027317,0,0,9.99589,0
4.685,0,0.0141134,0,0,-0.0281778,0,0,7.9168,0
4.69,0,0.0144425,0,0,-0.0288517,0,0,5.81556,0
4.695,0,0.0146752,0,0,-0.0293305,0,0,3.69793,0
4.7,0,0.0148086,0,0,-0.0296086,0,0,1.56981,0
4.705,0,0.0148412,0,0,-0.0296825,0,0,-0.562797,0
4.71,0,0.0147725,0,0,-0.0295513,0,0,-2.69383,0
4.715,0,0.0146036,0,0,-0.0292166,0,0,-4.81726,0
4.72,0,0.0143363,0,0,-0.0286826,0,0,-6.92712,0
4.725,0,0.0139739,0,0,-0.0279555,0,0,-9.01758,0
4.73,0,0.0135207,0,0,-0.027044,0,0,-11.083,0
4.735,0,0.0129819,0,0,-0.0259588,0,0,-13.1178,0
4.74,0,0.0123638,0,0,-0.0247124,0,0,-15.117,0
4.745,0,0.0116733,0,0,-0.0233189,0,0,-17.0757,0
4.75,0,0.0109178,0,0,-0.0217937,0,0,-18.9893,0
4.755,0,0.0101056,0,0,-0.0201531,0,0,-20.8537,0
4.76,0,0.00924488,0,0,-0.0184141,0,0,-22.6653,0
4.765,0,0.00834422,0,0,-0.0165942,0,0,-24.4206,0
4.77,0,0.00741219,0,0,-0.0147109,0,0,-26.1167,0
4.775,0,0.00645728,0,0,-0.0127814,0,0,-27.7514,0
4.78,0,0.00548774,0,0,-0.0108227,0,0,-29.3224,0
4.785,0,0.00451147,0,0,-0.0088508,0,0,-30.8283,0
4.79,0,0.00353596,0,0,-0.00688109,0,0,-32.2679,0
4.795,0,0.00256817,0,0,-0.00492776,0,0,-33.6405,0
4.8,0,0.00161449,0,0,-0.00300384,0,0,-34.9456,0
4.805,0,0.000680669,0,0,-0.00112111,0,0,-36.1833,0
4.81,0,-0.000228184,0,0,0.000710041,0,0,-37.3538,0
4.815,0,-0.00110764,0,0,0.00248056,0,0,-38.4579,0
4.82,0,-0.00195393,0,0,0.0041828,0,0,-39.4964,0
4.825,0,-0.00276396,0,0,0.00581043,0,0,-40.4705,0
4.83,0,-0.00353526,0,0,0.00735845,0,0,-41.3816,0
4.835,0,-0.00426594,0,0,0.00882306,0,0,-42.2312,0
4.84,0,-0.00495469,0,0,0.0102016,0,0,-43.021,0
4.845,0,-0.0056007,0,0,0.0114925,0,0,-43.7528,0
4.85,0,-0.00620361,0,0,0.012695,0,0,-44.4284,0
4.855,0,-0.00676344,0,0,0.0138093,0,0,-45.0499,0
4.86,0,-0.00728058,0,0,0.0148362,0,0,-45.6192,0
4.865,0,-0.00775566,0,0,0.0157771,0,0,-46.1381,0
4.87,0,-0.00818956,0,0,0.0166337,0,0,-46.6087,0
4.875,0,-0.00858331,0,0,0.0174084,0,0,-47.0329,0
4.88,0,-0.00893805,0,0,0.0181035,0,0,-47.4123,0
4.885,0,-0.009255,0,0,0.0187214,0,0,-47.7486,0
4.89,0,-0.00953536,0,0,0.0192649,0,0,-48.0435,0
4.895,0,-0.00978033,0,0,0.0197364,0,0,-48.2984,0
4.9,0,-0.00999102,0,0,0.0201383,0,0,-48.5145,0
4.905,0,-0.0101685,0,0,0.0204727,0,0,-48.693,0
4.91,0,-0.0103136,0,0,0.0207415,0,0,-48.8348,0
4.915,0,-0.010427,0,0,0.0209464,0,0,-48.9408,0
4.92,0,-0.0105094,0,0,0.0210886,0,0,-49.0114,0
4.925,0,-0.0105611,0,0,0.0211689,0,0,-49.0471,0
4.93,0,-0.0105822,0,0,0.0211878,0,0,-49.0482,0
4.935,0,-0.0105728,0,0,0.0211453,0,0,-49.0145,0
4.94,0,-0.0105326,0,0,0.021041,0,0,-48.946,0
4.945,0,-0.0104611,0,0,0.0208742,0,0,-48.8422,0
4.95,0,-0.0103576,0,0,0.0206437,0,0,-48.7025,0
4.955,0,-0.0102214,0,0,0.0203479,0,0,-48.5262,0
4.96,0,-0.0100515,0,0,0.0199849,0,0,-48.3124,0
4.965,0,-0.00984664,0,0,0.0195526,0,0,-48.0599,0
4.97,0,-0.00960566,0,0,0.0190486,0,0,-47.7674,0
4.975,0,-0.00932719,0,0,0.0184704,0,0,-47.4336,0
4.98,0,-0.00900985,0,0,0.0178152,0,0,-47.0568,0
4.985,0,-0.00865226,0,0,0.0170805,0,0,-46.6354,0
4.99,0,-0.00825308,0,0,0.0162636,0,0,-46.1676,0
4.995,0,-0.00781106,0,0,0.0153623,0,0,-45.6516,0
5,0,-0.0073251,0,0,0.0143745,0,0,-45.0854,0
5.005,0,-0.00679432,0,0,0.0132985,0,0,-44.4671,0
5.01,0,-0.00621809,0,0,0.0121332,0,0,-43.7948,0
5.015,0,-0.00559612,0,0,0.0108782,0,0,-43.0664,0
5.02,0,-0.00492851,0,0,0.00953367,0,0,-42.2802,0
5.025,0,-0.0042158,0,0,0.00810094,0,0,-41.4343,0
5.03,0,-0.00345907,0,0,0.0065822,0,0,-40.5269,0
5.035,0,-0.00265993,0,0,0.0049808,0,0,-39.5566,0
5.04,0,-0.00182063,0,0,0.0033013,0,0,-38.522,0
5.045,0,-0.000944082,0,0,0.00154954,0,0,-37.4219,0
5.05,0,-3.38618e-05,0,0,-0.000267252,0,0,-36.2553,0
5.055,0,0.000905726,0,0,-0.00214049,0,0,-35.0217,0
5.06,0,0.00186967,0,0,-0.00406016,0,0,-33.7207,0
5.065,0,0.00285223,0,0,-0.00601487,0,0,-32.3522,0
5.07,0,0.00384702,0,0,-0.0079919,0,0,-30.9166,0
5.075,0,0.00484697,0,0,-0.00997726,0,0,-29.4147,0
5.08,0,0.00584445,0,0,-0.0119559,0,0,-27.8475,0
5.085,0,0.00683132,0,0,-0.0139116,0,0,-26.2166,0
5.09,0,0.00779903,0,0,-0.0158276,0,0,-24.5241,0
5.095,0,0.00873873,0,0,-0.0176865,0,0,-22.7723,0
5.1,0,0.00964141,0,0,-0.0194705,0,0,-20.964,0
5.105,0,0.010498,0,0,-0.0211618,0,0,-19.1027,0
5.11,0,0.0112997,0,0,-0.0227431,0,0,-17.1919,0
5.115,0,0.0120377,0,0,-0.0241973,0,0,-15.2358,0
5.12,0,0.0127039,0,0,-0.0255085,0,0,-13.2389,0
5.125,0,0.0132907,0,0,-0.0266618,0,0,-11.2061,0
5.13,0,0.0137913,0,0,-0.0276439,0,0,-9.14234,0
5.135,0,0.0141996,0,0,-0.0284433,0,0,-7.05323,0
5.14,0,0.0145108,0,0,-0.0290503,0,0,-4.94436,0
5.145,0,0.014721,0,0,-0.0294576,0,0,-2.82157,0
5.15,0,0.0148276,0,0,-0.0296603,0,0,-0.690818,0
5.155,0,0.0148293,0,0,-0.0296557,0,0,1.44187,0
5.16,0,0.0147259,0,0,-0.029444,0,0,3.57044,0
5.165,0,0.0145188,0,0,-0.0290277,0,0,5.68889,0
5.17,0,0.0142105,0,0,-0.0284118,0,0,7.79129,0
5.175,0,0.0138046,0,0,-0.0276038,0,0,9.87188,0
5.18,0,0.0133059,0,0,-0.0266131,0,0,11.9251,0
5.185,0,0.0127205,0,0,-0.0254515,0,0,13.9455,0
5.19,0,0.012055,0,0,-0.0241324,0,0,15.9283,0
5.195,0,0.0113171,0,0,-0.0226705,0,0,17.8685,0
5.2,0,0.0105148,0,0,-0.021082,0,0,19.7619,0
5.205,0,0.00965695,0,0,-0.0193837,0,0,21.6046,0
5.21,0,0.00875233,0,0,-0.0175933,0,0,23.3928,0
5.215,0,0.00781007,0,0,-0.0157285,0,0,25.1236,0
5.22,0,0.00683922,0,0,-0.0138071,0,0,26.7942,0
5.225,0,0.00584871,0,0,-0.0118465,0,0,28.4024,0
5.23,0,0.00484715,0,0,-0.00986362,0,0,29.9463,0
5.235,0,0.00384277,0,0,-0.00787456,0,0,31.4245,0
5.24,0,0.00284329,0,0,-0.00589445,0,0,32.8361,0
5.245,0,0.00185585,0,0,-0.00393727,0,0,34.1805,0
5.25,0,0.000886967,0,0,-0.00201577,0,0,35.4573,0
5.255,0,-5.75627e-05,0,0,-0.000141332,0,0,36.6669,0
5.26,0,-0.000972635,0,0,0.00167604,0,0,37.8096,0
5.265,0,-0.00185387,0,0,0.00342774,0,0,38.8862,0
5.27,0,-0.00269762,0,0,0.00510658,0,0,39.8977,0
5.275,0,-0.00350092,0,0,0.00670672,0,0,40.8453,0
5.28,0,-0.00426146,0,0,0.00822362,0,0,41.7306,0
5.285,0,-0.00497759,0,0,0.00965396,0,0,42.5551,0
5.29,0,-0.0056482,0,0,0.0109955,0,0,43.3205,0
5.295,0,-0.00627272,0,0,0.0122472,0,0,44.0287,0
5.3,0,-0.00685103,0,0,0.0134086,0,0,44.6817,0
5.305,0,-0.00738342,0,0,0.0144802,0,0,45.2813,0
5.31,0,-0.00787052,0,0,0.0154632,0,0,45.8295,0
5.315,0,-0.0083132,0,0,0.0163594,0,0,46.3282,0
5.32,0,-0.00871259,0,0,0.0171707,0,0,46.7794,0
5.325,0,-0.00906993,0,0,0.0178995,0,0,47.1848,0
5.33,0,-0.00938659,0,0,0.0185485,0,0,47.5463,0
5.335,0,-0.00966396,0,0,0.0191204,0,0,47.8654,0
5.34,0,-0.00990344,0,0,0.0196176,0,0,48.1437,0
5.345,0,-0.0101064,0,0,0.020043,0,0,48.3825,0
5.35,0,-0.0102741,0,0,0.0203988,0,0,48.583,0
5.355,0,-0.0104077,0,0,0.0206873,0,0,48.7464,0
5.36,0,-0.0105082,0,0,0.0209103,0,0,48.8735,0
5.365,0,-0.0105765,0,0,0.0210694,0,0,48.9649,0
5.37,0,-0.0106132,0,0,0.0211658,0,0,49.0213,0
5.375,0,-0.0106188,0,0,0.0212003,0,0,49.0429,0
5.38,0,-0.0105935,0,0,0.0211733,0,0,49.0299,0
5.385,0,-0.0105374,0,0,0.0210848,0,0,48.9821,0
5.39,0,-0.0104504,0,0,0.0209343,0,0,48.8993,0
5.395,0,-0.0103319,0,0,0.020721,0,0,48.7811,0
5.4,0,-0.0101816,0,0,0.0204436,0,0,48.6268,0
5.405,0,-0.00999861,0,0,0.0201005,0,0,48.4355,0
5.41,0,-0.00978208,0,0,0.01969,0,0,48.2062,0
5.415,0,-0.009531,0,0,0.0192097,0,0,47.9378,0
5.42,0,-0.00924423,0,0,0.0186573,0,0,47.629,0
5.425,0,-0.00892059,0,0,0.0180305,0,0,47.2781,0
5.43,0,-0.00855887,0,0,0.0173265,0,0,46.8837,0
5.435,0,-0.00815787,0,0,0.0165429,0,0,46.444,0
5.44,0,-0.00771646,0,0,0.0156773,0,0,45.9572,0
5.445,0,-0.00723364,0,0,0.0147277,0,0,45.4214,0
5.45,0,-0.00670855,0,0,0.0136921,0,0,44.8347,0
5.455,0,-0.00614059,0,0,0.0125692,0,0,44.1951,0
5.46,0,-0.00552943,0,0,0.0113583,0,0,43.5007,0
5.465,0,-0.0048751,0,0,0.0100594,0,0,42.7496,0
5.47,0,-0.00417802,0,0,0.00867303,0,0,41.9399,0
5.475,0,-0.00343908,0,0,0.00720106,0,0,41.0698,0
5.48,0,-0.00265969,0,0,0.00564616,0,0,40.1377,0
5.485,0,-0.00184183,0,0,0.00401222,0,0,39.1421,0
5.49,0,-0.000988072,0,0,0.00230435,0,0,38.0817,0
5.495,0,-0.000101642,0,0,0.000528952,0,0,36.9554,0
5.5,0,0.000813575,0,0,-0.00130621,0,0,35.7625,0
5.505,0,0.00175302,0,0,-0.003192,0,0,34.5023,0
5.51,0,0.00271145,0,0,-0.00511791,0,0,33.1746,0
5.515,0,0.00368299,0,0,-0.00707207,0,0,31.7797,0
5.52,0,0.00466111,0,0,-0.00904137,0,0,30.3178,0
5.525,0,0.00563874,0,0,-0.0110115,0,0,28.7901,0
5.53,0,0.00660828,0,0,-0.0129671,0,0,27.1977,0
5.535,0,0.00756173,0,0,-0.014892,0,0,25.5423,0
5.54,0,0.00849077,0,0,-0.0167692,0,0,23.8262,0
5.545,0,0.00938687,0,0,-0.0185815,0,0,22.0518,0
5.55,0,0.0102414,0,0,-0.0203114,0,0,20.2224,0
5.555,0,0.0110459,0,0,-0.0219414,0,0,18.3412,0
5.56,0,0.011792,0,0,-0.0234546,0,0,16.4121,0
5.565,0,0.0124716,0,0,-0.0248347,0,0,14.4395,0
5.57,0,0.0130775,0,0,-0.0260664,0,0,12.4279,0
5.575,0,0.0136027,0,0,-0.0271358,0,0,10.3823,0
5.58,0,0.0140413,0,0,-0.0280306,0,0,8.30802,0
5.585,0,0.0143881,0,0,-0.0287401,0,0,6.2105,0
5.59,0,0.0146391,0,0,-0.029256,0,0,4.09549,0
5.595,0,0.0147912,0,0,-0.0295719,0,0,1.96887,0
5.6,0,0.0148428,0,0,-0.0296842,0,0,-0.16335,0
5.605,0,0.0147931,0,0,-0.0295914,0,0,-2.29514,0
5.61,0,0.0146428,0,0,-0.0292946,0,0,-4.42045,0
5.615,0,0.0143937,0,0,-0.0287975,0,0,-6.5333,0
5.62,0,0.0140488,0,0,-0.0281059,0,0,-8.62783,0
5.625,0,0.0136122,0,0,-0.0272282,0,0,-10.6983,0
5.63,0,0.013089,0,0,-0.0261747,0,0,-12.7393,0
5.635,0,0.0124853,0,0,-0.0249574,0,0,-14.7456,0
5.64,0,0.0118077,0,0,-0.0235904,0,0,-16.7122,0
5.645,0,0.0110639,0,0,-0.0220886,0,0,-18.6346,0
5.65,0,0.0102617,0,0,-0.0204683,0,0,-20.5085,0
5.655,0,0.00940937,0,0,-0.0187465,0,0,-22.3302,0
5.66,0,0.00851553,0,0,-0.0169404,0,0,-24.0963,0
5.665,0,0.00758873,0,0,-0.0150676,0,0,-25.8037,0
5.67,0,0.00663747,0,0,-0.0131455,0,0,-27.45,0
5.675,0,0.00567005,0,0,-0.011191,0,0,-29.0331,0
5.68,0,0.00469446,0,0,-0.00922037,0,0,-30.5513,0
5.685,0,0.00371827,0,0,-0.00724914,0,0,-32.0034,0
5.69,0,0.00274853,0,0,-0.00529171,0,0,-33.3886,0
5.695,0,0.00179174,0,0,-0.00336135,0,0,-34.7063,0
5.7,0,0.000853795,0,0,-0.00147007,0,0,-35.9566,0
5.705,0,-6.00913e-05,0,0,0.000371472,0,0,-37.1397,0
5.71,0,-0.000945357,0,0,0.00215397,0,0,-38.2562,0
5.715,0,-0.00179812,0,0,0.00386952,0,0,-39.3069,0
5.72,0,-0.00261515,0,0,0.00551154,0,0,-40.293,0
5.725,0,-0.00339385,0,0,0.00707479,0,0,-41.2157,0
5.73,0,-0.00413226,0,0,0.00855526,0,0,-42.0767,0
5.735,0,-0.00482894,0,0,0.00995008,0,0,-42.8775,0
5.74,0,-0.005483,0,0,0.0112575,0,0,-43.62,0
5.745,0,-0.00609398,0,0,0.0124765,0,0,-44.3061,0
5.75,0,-0.00666187,0,0,0.0136073,0,0,-44.9376,0
5.755,0,-0.00718696,0,0,0.0146505,0,0,-45.5164,0
5.76,0,-0.00766985,0,0,0.0156073,0,0,-46.0447,0
5.765,0,-0.00811139,0,0,0.0164796,0,0,-46.5242,0
5.77,0,-0.00851257,0,0,0.0172694,0,0,-46.9569,0
5.775,0,-0.00887453,0,0,0.0179792,0,0,-47.3445,0
5.78,0,-0.00919846,0,0,0.0186115,0,0,-47.6888,0
5.785,0,-0.00948558,0,0,0.0191687,0,0,-47.9914,0
5.79,0,-0.00973709,0,0,0.0196535,0,0,-48.2536,0
5.795,0,-0.00995413,0,0,0.0200682,0,0,-48.4769,0
5.8,0,-0.0101377,0,0,0.0204151,0,0,-48.6624,0
5.805,0,-0.0102888,0,0,0.0206961,0,0,-48.811,0
5.81,0,-0.0104081,0,0,0.0209129,0,0,-48.9236,0
5.815,0,-0.0104963,0,0,0.0210667,0,0,-49.0008,0
5.82,0,-0.0105537,0,0,0.0211585,0,0,-49.0431,0
5.825,0,-0.0105806,0,0,0.0211889,0,0,-49.0506,0
5.83,0,-0.0105769,0,0,0.0211579,0,0,-49.0235,0
5.835,0,-0.0105425,0,0,0.0210653,0,0,-48.9615,0
5.84,0,-0.0104769,0,0,0.0209103,0,0,-48.8643,0
5.845,0,-0.0103794,0,0,0.0206918,0,0,-48.7314,0
5.85,0,-0.0102495,0,0,0.0204083,0,0,-48.5621,0
5.855,0,-0.0100859,0,0,0.0200581,0,0,-48.3553,0
5.86,0,-0.00988771,0,0,0.019639,0,0,-48.1102,0
5.865,0,-0.0096536,0,0,0.0191486,0,0,-47.8253,0
5.87,0,-0.00938225,0,0,0.0185844,0,0,-47.4993,0
5.875,0,-0.0090723,0,0,0.0179439,0,0,-47.1307,0
5.88,0,-0.00872235,0,0,0.0172242,0,0,-46.7178,0
5.885,0,-0.00833106,0,0,0.016423,0,0,-46.2589,0
5.89,0,-0.00789715,0,0,0.0155377,0,0,-45.752,0
5.895,0,-0.0074195,0,0,0.0145662,0,0,-45.1954,0
5.9,0,-0.00689717,0,0,0.0135068,0,0,-44.587,0
5.905,0,-0.00632948,0,0,0.0123583,0,0,-43.9249,0
5.91,0,-0.00571608,0,0,0.01112,0,0,-43.2072,0
5.915,0,-0.00505699,0,0,0.00979223,0,0,-42.4319,0
5.92,0,-0.00435267,0,0,0.00837588,0,0,-41.5973,0
5.925,0,-0.00360407,0,0,0.00687303,0,0,-40.7016,0
5.93,0,-0.00281272,0,0,0.0052868,0,0,-39.7432,0
5.935,0,-0.00198075,0,0,0.00362152,0,0,-38.7207,0
5.94,0,-0.00111092,0,0,0.00188279,0,0,-37.6329,0
5.945,0,-0.000206698,0,0,7.75633e-05,0,0,-36.4789,0
5.95,0,0.00072775,0,0,-0.00178582,0,0,-35.2579,0
5.955,0,0.00168754,0,0,-0.00369762,0,0,-33.9695,0
5.96,0,0.00266709,0,0,-0.0056467,0,0,-32.6136,0
5.965,0,0.00366011,0,0,-0.00762058,0,0,-31.1905,0
5.97,0,0.00465966,0,0,-0.0096055,0,0,-29.7009,0
5.975,0,0.0056582,0,0,-0.0115866,0,0,-28.1459,0
5.98,0,0.0066477,0,0,-0.0135478,0,0,-26.5268,0
5.985,0,0.00761966,0,0,-0.0154726,0,0,-24.8456,0
5.99,0,0.00856529,0,0,-0.0173435,0,0,-23.1047,0
5.995,0,0.0094756,0,0,-0.0191429,0,0,-21.3068,0
6,0,0.0103415,0,0,-0.0208529,0,0,-19.4551,0
6.005,0,0.0111541,0,0,-0.0224561,0,0,-17.5533,0
6.01,0,0.0119047,0,0,-0.0239354,0,0,-15.6054,0
6.015,0,0.012585,0,0,-0.0252745,0,0,-13.6158,0
6.02,0,0.0131872,0,0,-0.0264585,0,0,-11.5893,0
6.025,0,0.0137044,0,0,-0.0274736,0,0,-9.53093,0
6.03,0,0.0141304,0,0,-0.028308,0,0,-7.44615,0
6.035,0,0.0144601,0,0,-0.0289516,0,0,-5.34054,0
6.04,0,0.0146894,0,0,-0.0293968,0,0,-3.21991,0
6.045,0,0.0148156,0,0,-0.029638,0,0,-1.09019,0
6.05,0,0.014837,0,0,-0.0296724,0,0,1.0426,0
6.055,0,0.0147533,0,0,-0.0294994,0,0,3.1724,0
6.06,0,0.0145654,0,0,-0.0291211,0,0,5.2932,0
6.065,0,0.0142758,0,0,-0.028542,0,0,7.39905,0
6.07,0,0.0138878,0,0,-0.0277693,0,0,9.48415,0
6.075,0,0.0134061,0,0,-0.026812,0,0,11.5429,0
6.08,0,0.0128364,0,0,-0.0256815,0,0,13.5699,0
6.085,0,0.0121854,0,0,-0.0243908,0,0,15.56,0
6.09,0,0.0114604,0,0,-0.0229544,0,0,17.5086,0
6.095,0,0.0106696,0,0,-0.0213883,0,0,19.4111,0
6.1,0,0.00982144,0,0,-0.0197093,0,0,21.2635,0
6.105,0,0.00892489,0,0,-0.0179348,0,0,23.0622,0
6.11,0,0.00798898,0,0,-0.0160826,0,0,24.804,0
6.115,0,0.0070228,0,0,-0.0141704,0,0,26.4861,0
6.12,0,0.0060353,0,0,-0.0122159,0,0,28.1061,0
6.125,0,0.00503517,0,0,-0.0102359,0,0,29.6621,0
6.13,0,0.00403071,0,0,-0.00824682,0,0,31.1528,0
6.135,0,0.00302975,0,0,-0.00626394,0,0,32.5769,0
6.14,0,0.00203955,0,0,-0.00430146,0,0,33.9338,0
6.145,0,0.00106673,0,0,-0.00237236,0,0,35.2233,0
6.15,0,0.000117226,0,0,-0.000488308,0,0,36.4455,0
6.155,0,-0.000803717,0,0,0.00134044,0,0,37.6006,0
6.16,0,-0.00169159,0,0,0.00310503,0,0,38.6895,0
6.165,0,-0.00254261,0,0,0.00479801,0,0,39.7131,0
6.17,0,-0.00335367,0,0,0.00641327,0,0,40.6726,0
6.175,0,-0.00412237,0,0,0.00794605,0,0,41.5695,0
6.18,0,-0.00484691,0,0,0.0093928,0,0,42.4052,0
6.185,0,-0.0055261,0,0,0.0107511,0,0,43.1816,0
6.19,0,-0.00615928,0,0,0.0120196,0,0,43.9004,0
6.195,0,-0.00674623,0,0,0.0131979,0,0,44.5635,0
6.2,0,-0.00728719,0,0,0.0142863,0,0,45.173,0
6.205,0,-0.00778271,0,0,0.0152858,0,0,45.7306,0
6.21,0,-0.00823363,0,0,0.0161981,0,0,46.2385,0
6.215,0,-0.00864103,0,0,0.0170251,0,0,46.6984,0
6.22,0,-0.00900615,0,0,0.0177692,0,0,47.1123,0
6.225,0,-0.00933032,0,0,0.0184329,0,0,47.4819,0
6.23,0,-0.00961494,0,0,0.019019,0,0,47.8088,0
6.235,0,-0.00986141,0,0,0.0195301,0,0,48.0946,0
6.24,0,-0.0100711,0,0,0.0199687,0,0,48.3407,0
6.245,0,-0.0102453,0,0,0.0203374,0,0,48.5483,0
6.25,0,-0.0103852,0,0,0.0206383,0,0,48.7186,0
6.255,0,-0.0104919,0,0,0.0208734,0,0,48.8524,0
6.26,0,-0.0105662,0,0,0.0210444,0,0,48.9505,0
6.265,0,-0.0106087,0,0,0.0211525,0,0,49.0134,0
6.27,0,-0.0106201,0,0,0.0211986,0,0,49.0415,0
6.275,0,-0.0106006,0,0,0.0211831,0,0,49.035,0
6.28,0,-0.0105503,0,0,0.0211061,0,0,48.9937,0
6.285,0,-0.010469,0,0,0.0209672,0,0,48.9175,0
6.29,0,-0.0103565,0,0,0.0207658,0,0,48.806,0
6.295,0,-0.0102122,0,0,0.0205005,0,0,48.6585,0
6.3,0,-0.0100354,0,0,0.0201699,0,0,48.4742,0
6.305,0,-0.00982523,0,0,0.0197721,0,0,48.2521,0
6.31,0,-0.0095807,0,0,0.019305,0,0,47.9912,0
6.315,0,-0.0093007,0,0,0.0187664,0,0,47.69,0
6.32,0,-0.00898406,0,0,0.0181536,0,0,47.3471,0
6.325,0,-0.00862956,0,0,0.0174643,0,0,46.961,0
6.33,0,-0.00823601,0,0,0.0166958,0,0,46.5299,0
6.335,0,-0.00780225,0,0,0.0158458,0,0,46.052,0
6.34,0,-0.00732725,0,0,0.014912,0,0,45.5255,0
6.345,0,-0.00681013,0,0,0.0138926,0,0,44.9485,0
6.35,0,-0.00625024,0,0,0.0127862,0,0,44.319,0
6.355,0,-0.00564718,0,0,0.0115918,0,0,43.635,0
6.36,0,-0.00500091,0,0,0.0103093,0,0,42.8947,0
6.365,0,-0.00431178,0,0,0.00893924,0,0,42.0961,0
6.37,0,-0.00358059,0,0,0.00748313,0,0,41.2374,0
6.375,0,-0.00280865,0,0,0.00594351,0,0,40.317,0
6.38,0,-0.00199781,0,0,0.00432402,0,0,39.3334,0
6.385,0,-0.00115055,0,0,0.00262954,0,0,38.2853,0
6.39,0,-0.000269966,0,0,0.000866242,0,0,37.1714,0
6.395,0,0.000640187,0,0,-0.000958383,0,0,35.991,0
6.4,0,0.00157547,0,0,-0.00283545,0,0,34.7434,0
6.405,0,0.00253078,0,0,-0.0047547,0,0,33.4284,0
6.41,0,0.00350033,0,0,-0.00670454,0,0,32.046,0
6.415,0,0.00447775,0,0,-0.00867206,0,0,30.5967,0
6.42,0,0.00545603,0,0,-0.0106432,0,0,29.0812,0
6.425,0,0.00642769,0,0,-0.0126027,0,0,27.5007,0
6.43,0,0.00738478,0,0,-0.0145346,0,0,25.857,0
6.435,0,0.00831903,0,0,-0.0164221,0,0,24.1521,0
6.44,0,0.00922195,0,0,-0.0182479,0,0,22.3884,0
6.445,0,0.0100849,0,0,-0.0199945,0,0,20.569,0
6.45,0,0.0108994,0,0,-0.0216445,0,0,18.6972,0
6.455,0,0.0116571,0,0,-0.0231808,0,0,16.7768,0
6.46,0,0.0123498,0,0,-0.0245871,0,0,14.812,0
6.465,0,0.01297,0,0,-0.0258477,0,0,12.8074,0
6.47,0,0.0135108,0,0,-0.0269485,0,0,10.7678,0
6.475,0,0.013966,0,0,-0.0278768,0,0,8.69843,0
6.48,0,0.0143303,0,0,-0.0286217,0,0,6.60482,0
6.485,0,0.0145995,0,0,-0.0291744,0,0,4.49264,0
6.49,0,0.0147704,0,0,-0.0295282,0,0,2.36775,0
6.495,0,0.0148408,0,0,-0.0296788,0,0,0.236113,0
6.5,0,0.0148101,0,0,-0.0296244,0,0,-1.89622,0
6.505,0,0.0146785,0,0,-0.0293656,0,0,-4.0232,0
6.51,0,0.0144477,0,0,-0.0289056,0,0,-6.13883,0
6.515,0,0.0141205,0,0,-0.0282499,0,0,-8.23723,0
6.52,0,0.0137007,0,0,-0.0274063,0,0,-10.3127,0
6.525,0,0.0131933,0,0,-0.0263848,0,0,-12.3596,0
6.53,0,0.0126042,0,0,-0.0251972,0,0,-14.3727,0
6.535,0,0.0119399,0,0,-0.0238571,0,0,-16.3471,0
6.54,0,0.0112079,0,0,-0.0223794,0,0,-18.2781,0
6.545,0,0.010416,0,0,-0.02078,0,0,-20.1614,0
6.55,0,0.0095724,0,0,-0.0190759,0,0,-21.9932,0
6.555,0,0.00868569,0,0,-0.0172842,0,0,-23.7699,0
6.56,0,0.00776441,0,0,-0.0154226,0,0,-25.4885,0
6.565,0,0.0068171,0,0,-0.0135084,0,0,-27.1465,0
6.57,0,0.00585209,0,0,-0.0115587,0,0,-28.7415,0
6.575,0,0.00487744,0,0,-0.00958992,0,0,-30.272,0
6.58,0,0.0039008,0,0,-0.00761767,0,0,-31.7366,0
6.585,0,0.00292934,0,0,-0.00565661,0,0,-33.1343,0
6.59,0,0.00196966,0,0,-0.00372023,0,0,-34.4647,0
6.595,0,0.00102777,0,0,-0.00182078,0,0,-35.7276,0
6.6,0,0.000109008,0,0,3.0828e-05,0,0,-36.9232,0
6.605,0,-0.000781934,0,0,0.00182503,0,0,-38.0521,0
6.61,0,-0.00164105,0,0,0.00355365,0,0,-39.1151,0
6.615,0,-0.00246498,0,0,0.00520988,0,0,-40.1131,0
6.62,0,-0.00325104,0,0,0.00678823,0,0,-41.0477,0
6.625,0,-0.00399711,0,0,0.00828445,0,0,-41.9201,0
6.63,0,-0.00470169,0,0,0.00969548,0,0,-42.7321,0
6.635,0,-0.00536378,0,0,0.0110193,0,0,-43.4854,0
6.64,0,-0.00598285,0,0,0.012255,0,0,-44.1818,0
6.645,0,-0.00655879,0,0,0.0134023,0,0,-44.8234,0
6.65,0,-0.00709185,0,0,0.0144617,0,0,-45.4119,0
6.655,0,-0.00758259,0,0,0.0154346,0,0,-45.9495,0
6.66,0,-0.0080318,0,0,0.0163226,0,0,-46.438,0
6.665,0,-0.00844046,0,0,0.0171277,0,0,-46.8793,0
6.67,0,-0.00880968,0,0,0.0178523,0,0,-47.2753,0
6.675,0,-0.00914064,0,0,0.0184988,0,0,-47.6276,0
6.68,0,-0.00943456,0,0,0.0190699,0,0,-47.9378,0
6.685,0,-0.00969265,0,0,0.0195681,0,0,-48.2075,0
6.69,0,-0.00991606,0,0,0.0199958,0,0,-48.438,0
6.695,0,-0.0101058,0,0,0.0203552,0,0,-48.6305,0
6.7,0,-0.010263,0,0,0.0206484,0,0,-48.786,0
6.705,0,-0.0103882,0,0,0.0208771,0,0,-48.9053,0
6.71,0,-0.0104821,0,0,0.0210426,0,0,-48.9891,0
6.715,0,-0.0105453,0,0,0.021146,0,0,-49.0378,0
6.72,0,-0.0105779,0,0,0.0211879,0,0,-49.0519,0
6.725,0,-0.0105799,0,0,0.0211684,0,0,-49.0312,0
6.73,0,-0.0105513,0,0,0.0210873,0,0,-48.9758,0
6.735,0,-0.0104915,0,0,0.0209441,0,0,-48.8852,0
6.74,0,-0.0104001,0,0,0.0207376,0,0,-48.7591,0
6.745,0,-0.0102763,0,0,0.0204664,0,0,-48.5966,0
6.75,0,-0.0101192,0,0,0.0201289,0,0,-48.3969,0
6.755,0,-0.00992753,0,0,0.0197228,0,0,-48.1591,0
6.76,0,-0.00970023,0,0,0.019246,0,0,-47.8817,0
6.765,0,-0.00943596,0,0,0.0186958,0,0,-47.5636,0
6.77,0,-0.00913335,0,0,0.0180698,0,0,-47.2031,0
6.775,0,-0.008791,0,0,0.0173651,0,0,-46.7986,0
6.78,0,-0.00840755,0,0,0.0165794,0,0,-46.3484,0
6.785,0,-0.00798171,0,0,0.01571,0,0,-45.8507,0
6.79,0,-0.00751233,0,0,0.0147548,0,0,-45.3035,0
6.795,0,-0.00699842,0,0,0.013712,0,0,-44.705,0
6.8,0,-0.00643927,0,0,0.0125802,0,0,-44.0531,0
6.805,0,-0.00583444,0,0,0.0113588,0,0,-43.3459,0
6.81,0,-0.00518389,0,0,0.0100477,0,0,-42.5816,0
6.815,0,-0.00448797,0,0,0.00864779,0,0,-41.7582,0
6.82,0,-0.00374757,0,0,0.00716094,0,0,-40.8741,0
6.825,0,-0.00296409,0,0,0.00559003,0,0,-39.9275,0
6.83,0,-0.00213953,0,0,0.00393917,0,0,-38.9171,0
6.835,0,-0.00127655,0,0,0.0022137,0,0,-37.8417,0
6.84,0,-0.000378473,0,0,0.000420335,0,0,-36.7001,0
6.845,0,0.000550665,0,0,-0.00143286,0,0,-35.4917,0
6.85,0,0.00150612,0,0,-0.0033364,0,0,-34.2159,0
6.855,0,0.00248242,0,0,-0.00527941,0,0,-32.8726,0
6.86,0,0.00347342,0,0,-0.00724965,0,0,-31.4621,0
6.865,0,0.00447231,0,0,-0.0092336,0,0,-29.9849,0
6.87,0,0.00547164,0,0,-0.0112166,0,0,-28.442,0
6.875,0,0.00646347,0,0,-0.0131828,0,0,-26.8348,0
6.88,0,0.00743937,0,0,-0.0151157,0,0,-25.1651,0
6.885,0,0.00839061,0,0,-0.016998,0,0,-23.4352,0
6.89,0,0.00930822,0,0,-0.0188122,0,0,-21.6477,0
6.895,0,0.0101831,0,0,-0.0205403,0,0,-19.8058,0
6.9,0,0.0110064,0,0,-0.0221648,0,0,-17.9131,0
6.905,0,0.0117692,0,0,-0.0236686,0,0,-15.9735,0
6.91,0,0.0124633,0,0,-0.0250351,0,0,-13.9914,0
6.915,0,0.0130807,0,0,-0.0262492,0,0,-11.9714,0
6.92,0,0.0136143,0,0,-0.0272969,0,0,-9.91858,0
6.925,0,0.0140578,0,0,-0.0281659,0,0,-7.83833,0
6.93,0,0.0144059,0,0,-0.028846,0,0,-5.73619,0
6.935,0,0.0146543,0,0,-0.0293288,0,0,-3.61792,0
6.94,0,0.0147999,0,0,-0.0296086,0,0,-1.48945,0
6.945,0,0.014841,0,0,-0.0296817,0,0,0.643226,0
6.95,0,0.0147769,0,0,-0.0295475,0,0,2.77405,0
6.955,0,0.0146084,0,0,-0.0292073,0,0,4.89699,0
6.96,0,0.0143376,0,0,-0.0286655,0,0,7.00608,0
6.965,0,0.0139677,0,0,-0.0279284,0,0,9.0955,0
6.97,0,0.0135032,0,0,-0.0270049,0,0,11.1596,0
6.975,0,0.0129495,0,0,-0.0259058,0,0,13.1929,0
6.98,0,0.0123132,0,0,-0.024644,0,0,15.1904,0
6.985,0,0.0116015,0,0,-0.0232338,0,0,17.1471,0
6.99,0,0.0108223,0,0,-0.0216907,0,0,19.0585,0
6.995,0,0.00998424,0,0,-0.0200315,0,0,20.9206,0
7,0,0.00909606,0,0,-0.0182736,0,0,22.7296,0
7.005,0,0.00816683,0,0,-0.0164346,0,0,24.4823,0
7.01,0,0.00720563,0,0,-0.0145323,0,0,26.1757,0
7.015,0,0.00622146,0,0,-0.0125843,0,0,27.8075,0
7.02,0,0.00522304,0,0,-0.0106079,0,0,29.3757,0
7.025,0,0.00421879,0,0,-0.00861931,0,0,30.8786,0
7.03,0,0.0032166,0,0,-0.00663414,0,0,32.3153,0
7.035,0,0.00222386,0,0,-0.00466681,0,0,33.6848,0
7.04,0,0.00124731,0,0,-0.00273054,0,0,34.987,0
7.045,0,0.00029302,0,0,-0.000837228,0,0,36.2217,0
7.05,0,-0.000633637,0,0,0.0010026,0,0,37.3894,0
7.055,0,-0.00152802,0,0,0.00277981,0,0,38.4906,0
7.06,0,-0.00238619,0,0,0.0044867,0,0,39.5264,0
7.065,0,-0.00320494,0,0,0.00611692,0,0,40.4978,0
7.07,0,-0.00398173,0,0,0.00766545,0,0,41.4062,0
7.075,0,-0.00471465,0,0,0.00912853,0,0,42.2533,0
7.08,0,-0.0054024,0,0,0.0105035,0,0,43.0406,0
7.085,0,-0.00604422,0,0,0.0117889,0,0,43.7701,0
7.09,0,-0.00663982,0,0,0.0129841,0,0,44.4435,0
7.095,0,-0.00718936,0,0,0.0140893,0,0,45.0628,0
7.1,0,-0.00769333,0,0,0.0151053,0,0,45.63,0
7.105,0,-0.00815253,0,0,0.0160338,0,0,46.1471,0
7.11,0,-0.00856799,0,0,0.0168766,0,0,46.6158,0
7.115,0,-0.00894093,0,0,0.017636,0,0,47.0382,0
7.12,0,-0.00927266,0,0,0.0183146,0,0,47.4159,0
7.125,0,-0.00956458,0,0,0.018915,0,0,47.7507,0
7.13,0,-0.00981809,0,0,0.0194399,0,0,48.0441,0
7.135,0,-0.0100346,0,0,0.019892,0,0,48.2976,0
7.14,0,-0.0102153,0,0,0.0202735,0,0,48.5123,0
7.145,0,-0.0103616,0,0,0.020587,0,0,48.6895,0
7.15,0,-0.0104744,0,0,0.0208343,0,0,48.8301,0
7.155,0,-0.0105547,0,0,0.0210172,0,0,48.9348,0
7.16,0,-0.0106031,0,0,0.021137,0,0,49.0043,0
7.165,0,-0.0106203,0,0,0.0211946,0,0,49.0389,0
7.17,0,-0.0106066,0,0,0.0211906,0,0,49.0388,0
7.175,0,-0.0105621,0,0,0.0211252,0,0,49.0041,0
7.18,0,-0.0104866,0,0,0.020998,0,0,48.9345,0
7.185,0,-0.01038,0,0,0.0208083,0,0,48.8296,0
7.19,0,-0.0102417,0,0,0.0205551,0,0,48.6889,0
7.195,0,-0.010071,0,0,0.0202368,0,0,48.5115,0
7.2,0,-0.00986717,0,0,0.0198518,0,0,48.2966,0
7.205,0,-0.00962916,0,0,0.0193979,0,0,48.043,0
7.21,0,-0.00935589,0,0,0.0188728,0,0,47.7495,0
7.215,0,-0.0090462,0,0,0.0182741,0,0,47.4145,0
7.22,0,-0.00869889,0,0,0.0175993,0,0,47.0366,0
7.225,0,-0.00831274,0,0,0.0168459,0,0,46.6141,0
7.23,0,-0.00788659,0,0,0.0160113,0,0,46.1451,0
7.235,0,-0.00741939,0,0,0.0150934,0,0,45.6279,0
7.24,0,-0.00691022,0,0,0.0140901,0,0,45.0605,0
7.245,0,-0.00635837,0,0,0.0130001,0,0,44.441,0
7.25,0,-0.00576341,0,0,0.0118222,0,0,43.7673,0
7.255,0,-0.00512522,0,0,0.0105562,0,0,43.0377,0
7.26,0,-0.00444407,0,0,0.00920243,0,0,42.2501,0
7.265,0,-0.00372067,0,0,0.00776227,0,0,41.4029,0
7.27,0,-0.00295624,0,0,0.00623804,0,0,40.4942,0
7.275,0,-0.00215252,0,0,0.00463318,0,0,39.5225,0
7.28,0,-0.00131186,0,0,0.00295232,0,0,38.4865,0
7.285,0,-0.000437251,0,0,0.00120138,0,0,37.3851,0
7.29,0,0.000467681,0,0,-0.000612397,0,0,36.2172,0
7.295,0,0.00139863,0,0,-0.00248038,0,0,34.9822,0
7.3,0,0.0023506,0,0,-0.00439258,0,0,33.6798,0
7.305,0,0.00331796,0,0,-0.00633763,0,0,32.31,0
7.31,0,0.00429442,0,0,-0.00830288,0,0,30.8731,0
7.315,0,0.00527309,0,0,-0.0102744,0,0,29.37,0
7.32,0,0.00624658,0,0,-0.0122373,0,0,27.8016,0
7.325,0,0.00720702,0,0,-0.0141757,0,0,26.1696,0
7.33,0,0.0081462,0,0,-0.0160728,0,0,24.4759,0
7.335,0,0.00905564,0,0,-0.0179114,0,0,22.7231,0
7.34,0,0.00992676,0,0,-0.0196742,0,0,20.9138,0
7.345,0,0.010751,0,0,-0.0213436,0,0,19.0516,0
7.35,0,0.0115199,0,0,-0.0229025,0,0,17.14,0
7.355,0,0.0122253,0,0,-0.0243343,0,0,15.1832,0
7.36,0,0.0128597,0,0,-0.0256234,0,0,13.1856,0
7.365,0,0.0134158,0,0,-0.0267551,0,0,11.1522,0
7.37,0,0.0138875,0,0,-0.0277166,0,0,9.08798,0
7.375,0,0.0142692,0,0,-0.0284966,0,0,6.99849,0
7.38,0,0.0145565,0,0,-0.0290859,0,0,4.88935,0
7.385,0,0.014746,0,0,-0.0294773,0,0,2.76638,0
7.39,0,0.0148353,0,0,-0.0296662,0,0,0.635552,0
7.395,0,0.0148235,0,0,-0.0296502,0,0,-1.49711,0
7.4,0,0.0147108,0,0,-0.0294295,0,0,-3.62555,0
7.405,0,0.0144984,0,0,-0.0290068,0,0,-5.74376,0
7.41,0,0.014189,0,0,-0.0283873,0,0,-7.84583,0
7.415,0,0.0137862,0,0,-0.0275782,0,0,-9.92599,0
7.42,0,0.0132948,0,0,-0.0265891,0,0,-11.9787,0
7.425,0,0.0127204,0,0,-0.0254317,0,0,-13.9985,0
7.43,0,0.0120697,0,0,-0.024119,0,0,-15.9805,0
7.435,0,0.0113498,0,0,-0.0226659,0,0,-17.92,0
7.44,0,0.0105685,0,0,-0.021088,0,0,-19.8125,0
7.445,0,0.00973392,0,0,-0.0194022,0,0,-21.6542,0
7.45,0,0.00885464,0,0,-0.0176256,0,0,-23.4415,0
7.455,0,0.00793918,0,0,-0.0157758,0,0,-25.1712,0
7.46,0,0.0069961,0,0,-0.0138701,0,0,-26.8407,0
7.465,0,0.00603378,0,0,-0.0119258,0,0,-28.4477,0
7.47,0,0.00506034,0,0,-0.00995935,0,0,-29.9904,0
7.475,0,0.00408351,0,0,-0.0079866,0,0,-31.4673,0
7.48,0,0.00311056,0,0,-0.00602238,0,0,-32.8776,0
7.485,0,0.0021482,0,0,-0.00408041,0,0,-34.2206,0
7.49,0,0.00120255,0,0,-0.00217317,0,0,-35.4962,0
7.495,0,0.000279084,0,0,-0.000311833,0,0,-36.7044,0
7.5,0,-0.000617393,0,0,0.00149378,0,0,-37.8457,0
7.505,0,-0.00148274,0,0,0.00323524,0,0,-38.921,0
7.51,0,-0.00231349,0,0,0.00490549,0,0,-39.9311,0
7.515,0,-0.00310681,0,0,0.00649878,0,0,-40.8774,0
7.52,0,-0.00386051,0,0,0.00801065,0,0,-41.7614,0
7.525,0,-0.00457295,0,0,0.00943781,0,0,-42.5845,0
7.53,0,-0.00524305,0,0,0.0107781,0,0,-43.3487,0
7.535,0,-0.00587019,0,0,0.0120303,0,0,-44.0556,0
7.54,0,-0.0064542,0,0,0.0131941,0,0,-44.7073,0
7.545,0,-0.00699526,0,0,0.01427,0,0,-45.3056,0
7.55,0,-0.00749388,0,0,0.0152589,0,0,-45.8526,0
7.555,0,-0.0079508,0,0,0.0161627,0,0,-46.3502,0
7.56,0,-0.00836697,0,0,0.0169831,0,0,-46.8002,0
7.565,0,-0.00874348,0,0,0.0177226,0,0,-47.2045,0
7.57,0,-0.00908151,0,0,0.0183836,0,0,-47.5648,0
7.575,0,-0.00938228,0,0,0.0189686,0,0,-47.8829,0
7.58,0,-0.00964699,0,0,0.0194802,0,0,-48.16,0
7.585,0,-0.00987681,0,0,0.0199209,0,0,-48.3978,0
7.59,0,-0.0100728,0,0,0.020293,0,0,-48.5973,0
7.595,0,-0.010236,0,0,0.0205985,0,0,-48.7596,0
7.6,0,-0.0103671,0,0,0.0208391,0,0,-48.8856,0
7.605,0,-0.0104669,0,0,0.0210164,0,0,-48.976,0
7.61,0,-0.0105358,0,0,0.0211313,0,0,-49.0313,0
7.615,0,-0.0105741,0,0,0.0211847,0,0,-49.0519,0
7.62,0,-0.0105819,0,0,0.0211767,0,0,-49.0377,0
7.625,0,-0.010559,0,0,0.0211072,0,0,-48.9888,0
7.63,0,-0.0105051,0,0,0.0209757,0,0,-48.9049,0
7.635,0,-0.0104197,0,0,0.0207811,0,0,-48.7854,0
7.64,0,-0.010302,0,0,0.0205222,0,0,-48.6298,0
7.645,0,-0.0101512,0,0,0.0201972,0,0,-48.4372,0
7.65,0,-0.00996609,0,0,0.0198042,0,0,-48.2066,0
7.655,0,-0.00974557,0,0,0.0193408,0,0,-47.9367,0
7.66,0,-0.00948833,0,0,0.0188045,0,0,-47.6263,0
7.665,0,-0.009193,0,0,0.0181929,0,0,-47.2739,0
7.67,0,-0.0088582,0,0,0.0175032,0,0,-46.8778,0
7.675,0,-0.00848255,0,0,0.0167328,0,0,-46.4363,0
7.68,0,-0.00806474,0,0,0.0158792,0,0,-45.9476,0
7.685,0,-0.00760359,0,0,0.0149403,0,0,-45.4098,0
7.69,0,-0.00709809,0,0,0.013914,0,0,-44.8211,0
7.695,0,-0.00654745,0,0,0.012799,0,0,-44.1793,0
7.7,0,-0.0059512,0,0,0.0115943,0,0,-43.4827,0
7.705,0,-0.00530919,0,0,0.0103,0,0,-42.7292,0
7.71,0,-0.00462172,0,0,0.00891664,0,0,-41.917,0
7.715,0,-0.00388956,0,0,0.00744589,0,0,-41.0443,0
7.72,0,-0.00311401,0,0,0.00589045,0,0,-40.1096,0
7.725,0,-0.00229696,0,0,0.00425419,0,0,-39.1113,0
7.73,0,-0.00144094,0,0,0.00254223,0,0,-38.0481,0
7.735,0,-0.000549156,0,0,0.000761006,0,0,-36.919,0
7.74,0,0.000374505,0,0,-0.00108166,0,0,-35.7231,0
7.745,0,0.00132542,0,0,-0.00297656,0,0,-34.46,0
7.75,0,0.00229827,0,0,-0.00491307,0,0,-33.1293,0
7.755,0,0.00328702,0,0,-0.0068792,0,0,-31.7314,0
7.76,0,0.00428497,0,0,-0.00886167,0,0,-30.2666,0
7.765,0,0.00528481,0,0,-0.010846,0,0,-28.7359,0
7.77,0,0.00627867,0,0,-0.0128166,0,0,-27.1406,0
7.775,0,0.00725822,0,0,-0.014757,0,0,-25.4825,0
7.78,0,0.00821476,0,0,-0.0166502,0,0,-23.7636,0
7.785,0,0.00913935,0,0,-0.0184784,0,0,-21.9867,0
7.79,0,0.010023,0,0,-0.020224,0,0,-20.1548,0
7.795,0,0.0108566,0,0,-0.0218693,0,0,-18.2713,0
7.8,0,0.0116314,0,0,-0.0233969,0,0,-16.3401,0
7.805,0,0.0123389,0,0,-0.0247904,0,0,-14.3656,0
7.81,0,0.0129712,0,0,-0.0260341,0,0,-12.3523,0
7.815,0,0.013521,0,0,-0.027114,0,0,-10.3053,0
7.82,0,0.0139818,0,0,-0.0280173,0,0,-8.22975,0
7.825,0,0.0143482,0,0,-0.0287334,0,0,-6.13127,0
7.83,0,0.0146155,0,0,-0.0292537,0,0,-4.01558,0
7.835,0,0.0147806,0,0,-0.0295718,0,0,-1.88856,0
7.84,0,0.0148413,0,0,-0.0296838,0,0,0.243786,0
7.845,0,0.0147969,0,0,-0.0295884,0,0,2.37541,0
7.85,0,0.0146479,0,0,-0.0292866,0,0,4.50029,0
7.855,0,0.014396,0,0,-0.028782,0,0,6.61242,0
7.86,0,0.0140444,0,0,-0.0280809,0,0,8.70596,0
7.865,0,0.0135972,0,0,-0.0271915,0,0,10.7752,0
7.87,0,0.0130597,0,0,-0.0261244,0,0,12.8147,0
7.875,0,0.0124383,0,0,-0.0248921,0,0,14.8193,0
7.88,0,0.0117401,0,0,-0.0235085,0,0,16.7839,0
7.885,0,0.010973,0,0,-0.021989,0,0,18.7042,0
7.89,0,0.0101453,0,0,-0.0203503,0,0,20.5758,0
7.895,0,0.00926579,0,0,-0.0186095,0,0,22.395,0
7.9,0,0.00834356,0,0,-0.0167843,0,0,24.1585,0
7.905,0,0.00738766,0,0,-0.0148925,0,0,25.8632,0
7.91,0,0.00640711,0,0,-0.0129518,0,0,27.5067,0
7.915,0,0.00541072,0,0,-0.0109794,0,0,29.0869,0
7.92,0,0.00440693,0,0,-0.00899191,0,0,30.6022,0
7.925,0,0.00340378,0,0,-0.00700498,0,0,32.0513,0
7.93,0,0.00240874,0,0,-0.00503327,0,0,33.4335,0
7.935,0,0.00142867,0,0,-0.00309023,0,0,34.7482,0
7.94,0,0.000469784,0,0,-0.00118803,0,0,35.9956,0
7.945,0,-0.000462423,0,0,0.000662552,0,0,37.1758,0
7.95,0,-0.00136317,0,0,0.00245212,0,0,38.2894,0
7.955,0,-0.00222839,0,0,0.00417271,0,0,39.3373,0
7.96,0,-0.00305473,0,0,0.0058177,0,0,40.3207,0
7.965,0,-0.00383954,0,0,0.00738186,0,0,41.2408,0
7.97,0,-0.00458079,0,0,0.00886117,0,0,42.0992,0
7.975,0,-0.00527708,0,0,0.0102528,0,0,42.8976,0
7.98,0,-0.00592753,0,0,0.0115551,0,0,43.6378,0
7.985,0,-0.0065318,0,0,0.0127671,0,0,44.3215,0
7.99,0,-0.00708993,0,0,0.0138891,0,0,44.9509,0
7.995,0,-0.00760238,0,0,0.0149218,0,0,45.5277,0
8,0,-0.00806989,0,0,0.0158665,0,0,46.054,0
8.005,0,-0.00849346,0,0,0.0167252,0,0,46.5316,0
8.01,0,-0.00887426,0,0,0.0175,0,0,46.9626,0
8.015,0,-0.00921361,0,0,0.0181936,0,0,47.3485,0
8.02,0,-0.00951287,0,0,0.0188084,0,0,47.6912,0
8.025,0,-0.00977348,0,0,0.0193473,0,0,47.9923,0
8.03,0,-0.00999679,0,0,0.0198127,0,0,48.2531,0
8.035,0,-0.0101842,0,0,0.0202073,0,0,48.475,0
8.04,0,-0.0103368,0,0,0.0205334,0,0,48.6591,0
8.045,0,-0.0104558,0,0,0.020793,0,0,48.8065,0
8.05,0,-0.0105421,0,0,0.0209878,0,0,48.9179,0
8.055,0,-0.0105965,0,0,0.0211193,0,0,48.9939,0
8.06,0,-0.0106195,0,0,0.0211885,0,0,49.0351,0
8.065,0,-0.0106115,0,0,0.0211961,0,0,49.0415,0
8.07,0,-0.0105728,0,0,0.0211421,0,0,49.0132,0
8.075,0,-0.0105031,0,0,0.0210265,0,0,48.9502,0
8.08,0,-0.0104024,0,0,0.0208486,0,0,48.8519,0
8.085,0,-0.01027,0,0,0.0206074,0,0,48.718,0
8.09,0,-0.0101055,0,0,0.0203015,0,0,48.5476,0
8.095,0,-0.00990792,0,0,0.0199291,0,0,48.3398,0
8.1,0,-0.00967638,0,0,0.0194882,0,0,48.0935,0
8.105,0,-0.0094098,0,0,0.0189767,0,0,47.8076,0
8.11,0,-0.00910703,0,0,0.018392,0,0,47.4805,0
8.115,0,-0.00876685,0,0,0.0177316,0,0,47.1108,0
8.12,0,-0.00838806,0,0,0.0169931,0,0,46.6967,0
8.125,0,-0.00796949,0,0,0.0161739,0,0,46.2366,0
8.13,0,-0.00751006,0,0,0.0152717,0,0,45.7285,0
8.135,0,-0.0070088,0,0,0.0142846,0,0,45.1707,0
8.14,0,-0.00646499,0,0,0.0132109,0,0,44.5611,0
8.145,0,-0.00587812,0,0,0.0120495,0,0,43.8977,0
8.15,0,-0.00524802,0,0,0.0108,0,0,43.1787,0
8.155,0,-0.00457488,0,0,0.00946258,0,0,42.4021,0
8.16,0,-0.00385932,0,0,0.00803846,0,0,41.5662,0
8.165,0,-0.00310245,0,0,0.00652975,0,0,40.6691,0
8.17,0,-0.00230592,0,0,0.00493967,0,0,39.7094,0
8.175,0,-0.00147198,0,0,0.00327264,0,0,38.6855,0
8.18,0,-0.000603471,0,0,0.00153431,0,0,37.5964,0
8.185,0,0.000296091,0,0,-0.000268316,0,0,36.441,0
8.19,0,0.00122252,0,0,-0.00212687,0,0,35.2186,0
8.195,0,0.00217097,0,0,-0.00403161,0,0,33.9289,0
8.2,0,0.00313591,0,0,-0.00597143,0,0,32.5717,0
8.205,0,0.00411117,0,0,-0.00793392,0,0,31.1473,0
8.21,0,0.00508998,0,0,-0.00990541,0,0,29.6565,0
8.215,0,0.00606502,0,0,-0.0118711,0,0,28.1002,0
8.22,0,0.00702852,0,0,-0.0138153,0,0,26.48,0
8.225,0,0.00797232,0,0,-0.0157214,0,0,24.7977,0
8.23,0,0.00888798,0,0,-0.0175723,0,0,23.0557,0
8.235,0,0.00976693,0,0,-0.0193507,0,0,21.2568,0
8.24,0,0.0106006,0,0,-0.0210389,0,0,19.4042,0
8.245,0,0.0113805,0,0,-0.0226198,0,0,17.5016,0
8.25,0,0.0120984,0,0,-0.0240766,0,0,15.5529,0
8.255,0,0.0127466,0,0,-0.0253935,0,0,13.5626,0
8.26,0,0.0133179,0,0,-0.0265557,0,0,11.5355,0
8.265,0,0.0138059,0,0,-0.02755,0,0,9.47664,0
8.27,0,0.0142048,0,0,-0.0283648,0,0,7.39147,0
8.275,0,0.0145101,0,0,-0.0289904,0,0,5.28557,0
8.28,0,0.014718,0,0,-0.0294193,0,0,3.16474,0
8.285,0,0.0148263,0,0,-0.0296464,0,0,1.03493,0
8.29,0,0.0148335,0,0,-0.0296688,0,0,-1.09785,0
8.295,0,0.0147395,0,0,-0.0294863,0,0,-3.22754,0
8.3,0,0.0145456,0,0,-0.0291012,0,0,-5.34812,0
8.305,0,0.0142541,0,0,-0.028518,0,0,-7.45366,0
8.31,0,0.0138685,0,0,-0.0277437,0,0,-9.53835,0
8.315,0,0.0133933,0,0,-0.0267875,0,0,-11.5966,0
8.32,0,0.012834,0,0,-0.0256607,0,0,-13.623,0
8.325,0,0.0121971,0,0,-0.024376,0,0,-15.6125,0
8.33,0,0.0114895,0,0,-0.022948,0,0,-17.5602,0
8.335,0,0.0107191,0,0,-0.0213922,0,0,-19.4619,0
8.34,0,0.00989387,0,0,-0.0197253,0,0,-21.3134,0
8.345,0,0.00902232,0,0,-0.0179644,0,0,-23.1111,0
8.35,0,0.00811299,0,0,-0.016127,0,0,-24.8518,0
8.355,0,0.00717443,0,0,-0.0142305,0,0,-26.5327,0
8.36,0,0.00621509,0,0,-0.0122921,0,0,-28.1516,0
8.365,0,0.00524313,0,0,-0.0103286,0,0,-29.7064,0
8.37,0,0.00426637,0,0,-0.00835583,0,0,-31.1958,0
8.375,0,0.00329216,0,0,-0.00638894,0,0,-32.6186,0
8.38,0,0.00232733,0,0,-0.00444181,0,0,-33.9743,0
8.385,0,0.00137812,0,0,-0.00252717,0,0,-35.2624,0
8.39,0,0.000450109,0,0,-0.000656453,0,0,-36.4832,0
8.395,0,-0.000451758,0,0,0.00116028,0,0,-37.637,0
8.4,0,-0.00132322,0,0,0.00291434,0,0,-38.7246,0
8.405,0,-0.00216068,0,0,0.00459839,0,0,-39.7468,0
8.41,0,-0.0029612,0,0,0.00620647,0,0,-40.705,0
8.415,0,-0.00372246,0,0,0.00773387,0,0,-41.6005,0
8.42,0,-0.00444273,0,0,0.0091771,0,0,-42.4349,0
8.425,0,-0.00512081,0,0,0.0105338,0,0,-43.21,0
8.43,0,-0.00575603,0,0,0.0118025,0,0,-43.9275,0
8.435,0,-0.00634811,0,0,0.0129829,0,0,-44.5894,0
8.44,0,-0.00689718,0,0,0.0140751,0,0,-45.1976,0
8.445,0,-0.0074037,0,0,0.0150803,0,0,-45.754,0
8.45,0,-0.00786836,0,0,0.0159998,0,0,-46.2607,0
8.455,0,-0.00829208,0,0,0.0168357,0,0,-46.7195,0
8.46,0,-0.00867593,0,0,0.0175902,0,0,-47.1322,0
8.465,0,-0.00902108,0,0,0.0182656,0,0,-47.5006,0
8.47,0,-0.00932873,0,0,0.0188647,0,0,-47.8265,0
8.475,0,-0.0096001,0,0,0.0193899,0,0,-48.1112,0
8.48,0,-0.00983637,0,0,0.0198437,0,0,-48.3562,0
8.485,0,-0.0100386,0,0,0.0202284,0,0,-48.5628,0
8.49,0,-0.0102079,0,0,0.0205462,0,0,-48.732,0
8.495,0,-0.010345,0,0,0.0207989,0,0,-48.8648,0
8.5,0,-0.0104506,0,0,0.0209879,0,0,-48.9618,0
8.505,0,-0.0105252,0,0,0.0211145,0,0,-49.0236,0
8.51,0,-0.0105693,0,0,0.0211794,0,0,-49.0507,0
8.515,0,-0.0105827,0,0,0.0211829,0,0,-49.043,0
8.52,0,-0.0105656,0,0,0.0211249,0,0,-49.0006,0
8.525,0,-0.0105176,0,0,0.0210051,0,0,-48.9233,0
8.53,0,-0.0104381,0,0,0.0208224,0,0,-48.8105,0
8.535,0,-0.0103266,0,0,0.0205757,0,0,-48.6618,0
8.54,0,-0.010182,0,0,0.0202632,0,0,-48.4761,0
8.545,0,-0.0100034,0,0,0.0198831,0,0,-48.2527,0
8.55,0,-0.00978963,0,0,0.019433,0,0,-47.9903,0
8.555,0,-0.00953936,0,0,0.0189106,0,0,-47.6876,0
8.56,0,-0.00925127,0,0,0.0183133,0,0,-47.3431,0
8.565,0,-0.00892397,0,0,0.0176384,0,0,-46.9553,0
8.57,0,-0.00855607,0,0,0.0168833,0,0,-46.5225,0
8.575,0,-0.00814625,0,0,0.0160455,0,0,-46.0428,0
8.58,0,-0.0076933,0,0,0.0151227,0,0,-45.5144,0
8.585,0,-0.00719617,0,0,0.0141129,0,0,-44.9353,0
8.59,0,-0.00665404,0,0,0.0130146,0,0,-44.3036,0
8.595,0,-0.00606634,0,0,0.0118268,0,0,-43.6174,0
8.6,0,-0.0054329,0,0,0.0105492,0,0,-42.8747,0
8.605,0,-0.0047539,0,0,0.00918243,0,0,-42.0736,0
8.61,0,-0.00403003,0,0,0.00772787,0,0,-41.2124,0
8.615,0,-0.00326247,0,0,0.00618803,0,0,-40.2894,0
8.62,0,-0.00245303,0,0,0.00456656,0,0,-39.3031,0
8.625,0,-0.00160408,0,0,0.00286832,0,0,-38.2522,0
8.63,0,-0.000718719,0,0,0.00109952,0,0,-37.1355,0
8.635,0,0.000199301,0,0,-0.000732304,0,0,-35.9522,0
8.64,0,0.0011455,0,0,-0.00261819,0,0,-34.7016,0
8.645,0,0.00211468,0,0,-0.00454777,0,0,-33.3837,0
8.65,0,0.00310094,0,0,-0.00650933,0,0,-31.9983,0
8.655,0,0.00409771,0,0,-0.00848981,0,0,-30.546,0
8.66,0,0.00509778,0,0,-0.0104749,0,0,-29.0275,0
8.665,0,0.00609338,0,0,-0.0124493,0,0,-27.4442,0
8.67,0,0.00707626,0,0,-0.0143967,0,0,-25.7977,0
8.675,0,0.00803778,0,0,-0.0163,0,0,-24.09,0
8.68,0,0.00896904,0,0,-0.0181418,0,0,-22.3238,0
8.685,0,0.00986101,0,0,-0.0199042,0,0,-20.5019,0
8.69,0,0.0107047,0,0,-0.0215696,0,0,-18.6278,0
8.695,0,0.0114911,0,0,-0.0231205,0,0,-16.7052,0
8.7,0,0.0122119,0,0,-0.0245403,0,0,-14.7385,0
8.705,0,0.0128589,0,0,-0.0258133,0,0,-12.7321,0
8.71,0,0.0134247,0,0,-0.0269248,0,0,-10.691,0
8.715,0,0.0139026,0,0,-0.0278621,0,0,-8.62036,0
8.72,0,0.014287,0,0,-0.028614,0,0,-6.52575,0
8.725,0,0.0145731,0,0,-0.0291715,0,0,-4.41284,0
8.73,0,0.0147575,0,0,-0.0295278,0,0,-2.28749,0
8.735,0,0.0148379,0,0,-0.0296786,0,0,-0.15568,0
8.74,0,0.0148132,0,0,-0.029622,0,0,1.97654,0
8.745,0,0.0146837,0,0,-0.0293586,0,0,4.10314,0
8.75,0,0.0144509,0,0,-0.0288917,0,0,6.21811,0
8.755,0,0.0141176,0,0,-0.0282268,0,0,8.31557,0
8.76,0,0.013688,0,0,-0.027372,0,0,10.3898,0
8.765,0,0.013167,0,0,-0.0263373,0,0,12.4353,0
8.77,0,0.0125608,0,0,-0.0251348,0,0,14.4467,0
8.775,0,0.0118764,0,0,-0.0237784,0,0,16.4192,0
8.78,0,0.0111215,0,0,-0.0222832,0,0,18.3481,0
8.785,0,0.0103045,0,0,-0.0206655,0,0,20.2292,0
8.79,0,0.00943402,0,0,-0.0189425,0,0,22.0585,0
8.795,0,0.00851911,0,0,-0.0171317,0,0,23.8326,0
8.8,0,0.00756882,0,0,-0.0152511,0,0,25.5485,0
8.805,0,0.00659221,0,0,-0.0133182,0,0,27.2037,0
8.81,0,0.00559813,0,0,-0.0113505,0,0,28.7959,0
8.815,0,0.00459511,0,0,-0.00936454,0,0,30.3234,0
8.82,0,0.00359125,0,0,-0.00737635,0,0,31.785,0
8.825,0,0.00259415,0,0,-0.00540073,0,0,33.1797,0
8.83,0,0.00161078,0,0,-0.00345135,0,0,34.5072,0
8.835,0,0.000647487,0,0,-0.00154064,0,0,35.7671,0
8.84,0,-0.000290103,0,0,0.000320363,0,0,36.9598,0
8.845,0,-0.00119707,0,0,0.00212201,0,0,38.0859,0
8.85,0,-0.00206922,0,0,0.00385605,0,0,39.146,0
8.855,0,-0.00290307,0,0,0.00551565,0,0,40.1414,0
8.86,0,-0.00369583,0,0,0.00709528,0,0,41.0732,0
8.865,0,-0.00444536,0,0,0.00859073,0,0,41.9431,0
8.87,0,-0.00515015,0,0,0.00999896,0,0,42.7526,0
8.875,0,-0.00580923,0,0,0.011318,0,0,43.5035,0
8.88,0,-0.00642215,0,0,0.012547,0,0,44.1977,0
8.885,0,-0.0069889,0,0,0.0136858,0,0,44.8371,0
8.89,0,-0.00750986,0,0,0.0147351,0,0,45.4236,0
8.895,0,-0.00798572,0,0,0.0156962,0,0,45.9592,0
8.9,0,-0.00841743,0,0,0.0165708,0,0,46.4458,0
8.905,0,-0.00880614,0,0,0.0173612,0,0,46.8853,0
8.91,0,-0.00915315,0,0,0.0180698,0,0,47.2796,0
8.915,0,-0.00945981,0,0,0.0186991,0,0,47.6303,0
8.92,0,-0.00972755,0,0,0.019252,0,0,47.939,0
8.925,0,-0.00995775,0,0,0.019731,0,0,48.2072,0
8.93,0,-0.0101517,0,0,0.0201387,0,0,48.4363,0
8.935,0,-0.0103108,0,0,0.0204774,0,0,48.6275,0
8.94,0,-0.010436,0,0,0.0207493,0,0,48.7817,0
8.945,0,-0.0105284,0,0,0.0209562,0,0,48.8997,0
8.95,0,-0.0105887,0,0,0.0210994,0,0,48.9824,0
8.955,0,-0.0106175,0,0,0.0211803,0,0,49.03,0
8.96,0,-0.0106154,0,0,0.0211993,0,0,49.0429,0
8.965,0,-0.0105824,0,0,0.0211569,0,0,49.0212,0
8.97,0,-0.0105185,0,0,0.0210529,0,0,48.9647,0
8.975,0,-0.0104236,0,0,0.0208867,0,0,48.873,0
8.98,0,-0.0102972,0,0,0.0206575,0,0,48.7458,0
8.985,0,-0.0101388,0,0,0.0203638,0,0,48.5823,0
8.99,0,-0.00994747,0,0,0.020004,0,0,48.3816,0
8.995,0,-0.00972238,0,0,0.0195761,0,0,48.1426,0
9,0,-0.00946245,0,0,0.019078,0,0,47.8642,0
9.005,0,-0.00916654,0,0,0.0185072,0,0,47.5449,0
9.01,0,-0.00883346,0,0,0.0178612,0,0,47.1833,0
9.015,0,-0.008462,0,0,0.0171375,0,0,46.7777,0
9.02,0,-0.00805096,0,0,0.0163335,0,0,46.3263,0
9.025,0,-0.00759925,0,0,0.0154471,0,0,45.8274,0
9.03,0,-0.00710589,0,0,0.014476,0,0,45.279,0
9.035,0,-0.0065701,0,0,0.0134186,0,0,44.6793,0
9.04,0,-0.00599132,0,0,0.0122737,0,0,44.0261,0
9.045,0,-0.00536931,0,0,0.0110407,0,0,43.3177,0
9.05,0,-0.00470419,0,0,0.00971969,0,0,42.552,0
9.055,0,-0.00399651,0,0,0.00831168,0,0,41.7273,0
9.06,0,-0.00324727,0,0,0.0068186,0,0,40.8418,0
9.065,0,-0.00245802,0,0,0.00524347,0,0,39.8939,0
9.07,0,-0.00163088,0,0,0.00359045,0,0,38.8822,0
9.075,0,-0.000768601,0,0,0.00186498,0,0,37.8054,0
9.08,0,0.000125443,0,0,7.38e-05,0,0,36.6624,0
9.085,0,0.00104719,0,0,-0.00177498,0,0,35.4526,0
9.09,0,0.00199192,0,0,-0.00367187,0,0,34.1755,0
9.095,0,0.00295422,0,0,-0.00560603,0,0,32.831,0
9.1,0,0.00392804,0,0,-0.00756528,0,0,31.4191,0
9.105,0,0.00490673,0,0,-0.00953617,0,0,29.9407,0
9.11,0,0.00588306,0,0,-0.0115041,0,0,28.3966,0
9.115,0,0.00684933,0,0,-0.0134536,0,0,26.7882,0
9.12,0,0.00779745,0,0,-0.0153681,0,0,25.1173,0
9.125,0,0.00871903,0,0,-0.0172307,0,0,23.3864,0
9.13,0,0.00960551,0,0,-0.019024,0,0,21.5979,0
9.135,0,0.0104483,0,0,-0.0207304,0,0,19.7551,0
9.14,0,0.0112389,0,0,-0.0223327,0,0,17.8615,0
9.145,0,0.011969,0,0,-0.023814,0,0,15.9211,0
9.15,0,0.0126309,0,0,-0.0251582,0,0,13.9383,0
9.155,0,0.0132171,0,0,-0.0263505,0,0,11.9177,0
9.16,0,0.0137211,0,0,-0.0273772,0,0,9.86439,0
9.165,0,0.0141371,0,0,-0.0282264,0,0,7.78372,0
9.17,0,0.0144602,0,0,-0.028888,0,0,5.68127,0
9.175,0,0.0146866,0,0,-0.0293542,0,0,3.56279,0
9.18,0,0.0148137,0,0,-0.0296194,0,0,1.4342,0
9.185,0,0.0148398,0,0,-0.0296802,0,0,-0.698483,0
9.19,0,0.0147648,0,0,-0.029536,0,0,-2.82921,0
9.195,0,0.0145895,0,0,-0.0291886,0,0,-4.95196,0
9.2,0,0.014316,0,0,-0.028642,0,0,-7.06076,0
9.205,0,0.0139477,0,0,-0.0279029,0,0,-9.14978,0
9.21,0,0.0134889,0,0,-0.02698,0,0,-11.2134,0
9.215,0,0.0129449,0,0,-0.0258841,0,0,-13.2461,0
9.22,0,0.0123219,0,0,-0.024628,0,0,-15.2429,0
9.225,0,0.011627,0,0,-0.0232256,0,0,-17.1988,0
9.23,0,0.0108678,0,0,-0.0216926,0,0,-19.1094,0
9.235,0,0.0100522,0,0,-0.0200452,0,0,-20.9706,0
9.24,0,0.00918868,0,0,-0.0183006,0,0,-22.7787,0
9.245,0,0.00828576,0,0,-0.0164761,0,0,-24.5303,0
9.25,0,0.00735203,0,0,-0.0145893,0,0,-26.2226,0
9.255,0,0.00639595,0,0,-0.0126575,0,0,-27.8532,0
9.26,0,0.00542575,0,0,-0.0106974,0,0,-29.4202,0
9.265,0,0.00444931,0,0,-0.00872527,0,0,-30.9219,0
9.27,0,0.00347409,0,0,-0.00675619,0,0,-32.3573,0
9.275,0,0.00250701,0,0,-0.00480435,0,0,-33.7255,0
9.28,0,0.00155443,0,0,-0.00288272,0,0,-35.0263,0
9.285,0,0.000622054,0,0,-0.00100297,0,0,-36.2597,0
9.29,0,-0.000285054,0,0,0.000824575,0,0,-37.426,0
9.295,0,-0.0011625,0,0,0.00259097,0,0,-38.5259,0
9.3,0,-0.00200658,0,0,0.00428863,0,0,-39.5603,0
9.305,0,-0.00281421,0,0,0.00591133,0,0,-40.5304,0
9.31,0,-0.00358297,0,0,0.00745415,0,0,-41.4375,0
9.315,0,-0.00431102,0,0,0.00891335,0,0,-42.2832,0
9.32,0,-0.00499707,0,0,0.0102864,0,0,-43.0692,0
9.325,0,-0.00564035,0,0,0.0115716,0,0,-43.7974,0
9.33,0,-0.00624051,0,0,0.0127685,0,0,-44.4696,0
9.335,0,-0.00679761,0,0,0.0138772,0,0,-45.0877,0
9.34,0,-0.00731205,0,0,0.0148986,0,0,-45.6537,0
9.345,0,-0.00778448,0,0,0.015834,0,0,-46.1695,0
9.35,0,-0.00821579,0,0,0.0166854,0,0,-46.6371,0
9.355,0,-0.00860703,0,0,0.017455,0,0,-47.0583,0
9.36,0,-0.00895933,0,0,0.018145,0,0,-47.4349,0
9.365,0,-0.00927391,0,0,0.0187582,0,0,-47.7686,0
9.37,0,-0.00955199,0,0,0.0192971,0,0,-48.0609,0
9.375,0,-0.00979474,0,0,0.019764,0,0,-48.3133,0
9.38,0,-0.0100033,0,0,0.0201616,0,0,-48.527,0
9.385,0,-0.0101787,0,0,0.0204917,0,0,-48.7031,0
9.39,0,-0.0103217,0,0,0.0207565,0,0,-48.8426,0
9.395,0,-0.0104332,0,0,0.0209573,0,0,-48.9463,0
9.4,0,-0.0105136,0,0,0.0210955,0,0,-49.0147,0
9.405,0,-0.0105633,0,0,0.0211719,0,0,-49.0482,0
9.41,0,-0.0105825,0,0,0.0211869,0,0,-49.0471,0
9.415,0,-0.0105712,0,0,0.0211405,0,0,-49.0112,0
9.42,0,-0.010529,0,0,0.0210323,0,0,-48.9404,0
9.425,0,-0.0104554,0,0,0.0208615,0,0,-48.8344,0
9.43,0,-0.0103499,0,0,0.0206268,0,0,-48.6924,0
9.435,0,-0.0102116,0,0,0.0203268,0,0,-48.5138,0
9.44,0,-0.0100395,0,0,0.0199595,0,0,-48.2975,0
9.445,0,-0.0098324,0,0,0.0195227,0,0,-48.0425,0
9.45,0,-0.00958907,0,0,0.0190141,0,0,-47.7474,0
9.455,0,-0.00930817,0,0,0.018431,0,0,-47.4109,0
9.46,0,-0.00898831,0,0,0.0177708,0,0,-47.0313,0
9.465,0,-0.00862812,0,0,0.017031,0,0,-46.6071,0
9.47,0,-0.00822625,0,0,0.0162088,0,0,-46.1363,0
9.475,0,-0.00778146,0,0,0.0153021,0,0,-45.6171,0
9.48,0,-0.00729268,0,0,0.0143087,0,0,-45.0477,0
9.485,0,-0.00675902,0,0,0.0132271,0,0,-44.426,0
9.49,0,-0.00617989,0,0,0.0120561,0,0,-43.7501,0
9.495,0,-0.005555,0,0,0.0107953,0,0,-43.0182,0
9.5,0,-0.0048845,0,0,0.00944513,0,0,-42.2282,0
9.505,0,-0.00416896,0,0,0.00800685,0,0,-41.3784,0
9.51,0,-0.00340947,0,0,0.00648274,0,0,-40.4671,0
9.515,0,-0.0026077,0,0,0.00487623,0,0,-39.4927,0
9.52,0,-0.00176594,0,0,0.00319194,0,0,-38.454,0
9.525,0,-0.000887135,0,0,0.00143581,0,0,-37.3497,0
9.53,0,2.50887e-05,0,0,-0.000384844,0,0,-36.1789,0
9.535,0,0.000966383,0,0,-0.00226135,0,0,-34.941,0
9.54,0,0.00193169,0,0,-0.0041836,0,0,-33.6356,0
9.545,0,0.00291523,0,0,-0.00614013,0,0,-32.2629,0
9.55,0,0.00391056,0,0,-0.00811811,0,0,-30.823,0
9.555,0,0.00491059,0,0,-0.0101035,0,0,-29.3169,0
9.56,0,0.00590764,0,0,-0.0120811,0,0,-27.7456,0
9.565,0,0.00689355,0,0,-0.0140348,0,0,-26.1108,0
9.57,0,0.00785974,0,0,-0.0159477,0,0,-24.4144,0
9.575,0,0.00879736,0,0,-0.0178024,0,0,-22.6589,0
9.58,0,0.00969738,0,0,-0.019581,0,0,-20.8472,0
9.585,0,0.0105508,0,0,-0.0212659,0,0,-18.9825,0
9.59,0,0.0113486,0,0,-0.0228396,0,0,-17.0688,0
9.595,0,0.0120823,0,0,-0.0242852,0,0,-15.11,0
9.6,0,0.0127437,0,0,-0.0255867,0,0,-13.1106,0
9.605,0,0.0133252,0,0,-0.0267295,0,0,-11.0756,0
9.61,0,0.01382,0,0,-0.0277003,0,0,-9.01013,0
9.615,0,0.0142223,0,0,-0.0284877,0,0,-6.91959,0
9.62,0,0.0145272,0,0,-0.0290822,0,0,-4.80967,0
9.625,0,0.0147309,0,0,-0.0294766,0,0,-2.68619,0
9.63,0,0.0148308,0,0,-0.0296662,0,0,-0.555131,0
9.635,0,0.0148258,0,0,-0.0296484,0,0,1.57748,0
9.64,0,0.0147158,0,0,-0.0294236,0,0,3.70558,0
9.645,0,0.0145022,0,0,-0.0289944,0,0,5.82318,0
9.65,0,0.0141875,0,0,-0.0283661,0,0,7.92437,0
9.655,0,0.0137755,0,0,-0.0275461,0,0,10.0034,0
9.66,0,0.0132712,0,0,-0.0265442,0,0,12.0546,0
9.665,0,0.0126805,0,0,-0.0253722,0,0,14.0729,0
9.67,0,0.0120102,0,0,-0.0240435,0,0,16.053,0
9.675,0,0.0112679,0,0,-0.022573,0,0,17.9904,0
9.68,0,0.0104618,0,0,-0.020977,0,0,19.8807,0
9.685,0,0.0096007,0,0,-0.0192724,0,0,21.72,0
9.69,0,0.00869341,0,0,-0.0174767,0,0,23.5047,0
9.695,0,0.00774906,0,0,-0.0156078,0,0,25.2317,0
9.7,0,0.0067767,0,0,-0.0136833,0,0,26.8984,0
9.705,0,0.00578523,0,0,-0.0117208,0,0,28.5026,0
9.71,0,0.00478325,0,0,-0.0097371,0,0,30.0423,0
9.715,0,0.00377895,0,0,-0.00774817,0,0,31.5163,0
9.72,0,0.00278004,0,0,-0.00576911,0,0,32.9237,0
9.725,0,0.0017936,0,0,-0.00381384,0,0,34.2637,0
9.73,0,0.000826093,0,0,-0.00189501,0,0,35.5363,0
9.735,0,-0.000116706,0,0,-2.39145e-05,0,0,36.7416,0
9.74,0,-0.00102975,0,0,0.00178952,0,0,37.88,0
9.745,0,-0.00190871,0,0,0.00353678,0,0,38.9524,0
9.75,0,-0.00274996,0,0,0.00521078,0,0,39.9598,0
9.755,0,-0.0035506,0,0,0.00680575,0,0,40.9035,0
9.76,0,-0.00430836,0,0,0.00831723,0,0,41.7848,0
9.765,0,-0.00502162,0,0,0.00974197,0,0,42.6055,0
9.77,0,-0.0056893,0,0,0.0110779,0,0,43.3673,0
9.775,0,-0.00631088,0,0,0.0123237,0,0,44.0719,0
9.78,0,-0.00688626,0,0,0.0134794,0,0,44.7214,0
9.785,0,-0.00741575,0,0,0.0145454,0,0,45.3177,0
9.79,0,-0.00789999,0,0,0.0155228,0,0,45.8627,0
9.795,0,-0.00833989,0,0,0.0164135,0,0,46.3583,0
9.8,0,-0.00873656,0,0,0.0172195,0,0,46.8065,0
9.805,0,-0.00909127,0,0,0.0179432,0,0,47.2091,0
9.81,0,-0.00940539,0,0,0.0185872,0,0,47.5678,0
9.815,0,-0.00968031,0,0,0.0191542,0,0,47.8843,0
9.82,0,-0.00991743,0,0,0.0196468,0,0,48.16,0
9.825,0,-0.0101181,0,0,0.0200677,0,0,48.3964,0
9.83,0,-0.0102836,0,0,0.0204192,0,0,48.5945,0
9.835,0,-0.0104151,0,0,0.0207034,0,0,48.7556,0
9.84,0,-0.0105135,0,0,0.0209223,0,0,48.8804,0
9.845,0,-0.0105798,0,0,0.0210774,0,0,48.9696,0
9.85,0,-0.0106145,0,0,0.0211698,0,0,49.0237,0
9.855,0,-0.0106181,0,0,0.0212004,0,0,49.0431,0
9.86,0,-0.0105909,0,0,0.0211695,0,0,49.0279,0
9.865,0,-0.0105328,0,0,0.0210771,0,0,48.9779,0
9.87,0,-0.0104438,0,0,0.0209226,0,0,48.8929,0
9.875,0,-0.0103233,0,0,0.0207053,0,0,48.7724,0
9.88,0,-0.0101709,0,0,0.0204237,0,0,48.6157,0
9.885,0,-0.00998584,0,0,0.0200765,0,0,48.4221,0
9.89,0,-0.00976715,0,0,0.0196615,0,0,48.1904,0
9.895,0,-0.00951383,0,0,0.0191767,0,0,47.9194,0
9.9,0,-0.00922475,0,0,0.0186197,0,0,47.6079,0
9.905,0,-0.00889872,0,0,0.017988,0,0,47.2543,0
9.91,0,-0.00853454,0,0,0.017279,0,0,46.8571,0
9.915,0,-0.008131,0,0,0.0164903,0,0,46.4144,0
9.92,0,-0.00768699,0,0,0.0156195,0,0,45.9246,0
9.925,0,-0.0072015,0,0,0.0146644,0,0,45.3856,0
9.93,0,-0.0066737,0,0,0.0136233,0,0,44.7956,0
9.935,0,-0.006103,0,0,0.0124948,0,0,44.1526,0
9.94,0,-0.00548909,0,0,0.0112783,0,0,43.4546,0
9.945,0,-0.00483202,0,0,0.00997375,0,0,42.6998,0
9.95,0,-0.00413224,0,0,0.00858192,0,0,41.8863,0
9.955,0,-0.00339068,0,0,0.00710457,0,0,41.0124,0
9.96,0,-0.00260878,0,0,0.00554452,0,0,40.0763,0
9.965,0,-0.00178855,0,0,0.00390571,0,0,39.0766,0
9.97,0,-0.000932614,0,0,0.00219334,0,0,38.012,0
9.975,0,-4.423e-05,0,0,0.000413892,0,0,36.8815,0
9.98,0,0.000872671,0,0,-0.00142478,0,0,35.6843,0
9.985,0,0.00181349,0,0,-0.00331345,0,0,34.4198,0
9.99,0,0.00277293,0,0,-0.00524152,0,0,33.0879,0
9.995,0,0.00374509,0,0,-0.00719705,0,0,31.6886,0
10,0,0.0047234,0,0,-0.00916684,0,0,30.2226,0
